employee_id,age,tenure_months,department,seniority,intrinsic_motivation,learning_orientation,social_connection
EMP00001,35,19,Product,IC3,0.645,0.685,0.437
EMP00002,33,4,Engineering,IC2,0.466,0.788,0.48
EMP00003,27,17,Operations,IC2,0.783,0.855,0.366
EMP00004,37,23,Marketing,IC1,0.667,0.438,0.645
EMP00005,26,30,Marketing,IC4,0.618,0.584,0.527
EMP00006,38,44,Sales,IC2,0.759,0.428,0.609
EMP00007,30,26,Product,IC4,0.619,0.682,0.455
EMP00008,26,17,Legal,IC2,0.631,0.522,0.49
EMP00009,34,20,Product,IC2,0.383,0.346,0.499
EMP00010,41,32,Data,IC4,0.896,0.606,0.351
EMP00011,24,48,Finance,IC1,0.593,0.856,0.33
EMP00012,34,33,Engineering,IC2,0.649,0.522,0.684
EMP00013,46,28,Engineering,IC1,0.407,0.675,0.634
EMP00014,31,26,Product,IC3,0.447,0.804,0.368
EMP00015,30,32,Marketing,Senior Manager,0.693,0.777,0.745
EMP00016,24,23,Marketing,Director,0.8,0.608,0.553
EMP00017,36,43,Legal,Manager,0.818,0.329,0.373
EMP00018,40,48,Data,IC3,0.644,0.863,0.684
EMP00019,31,12,Engineering,IC1,0.58,0.416,0.522
EMP00020,26,18,Legal,IC2,0.815,0.55,0.437
EMP00021,32,18,Marketing,Senior Manager,0.437,0.505,0.589
EMP00022,27,35,Legal,IC4,0.531,0.44,0.538
EMP00023,36,5,Finance,IC2,0.517,0.58,0.522
EMP00024,30,57,Marketing,IC2,0.594,0.714,0.337
EMP00025,30,30,HR,IC1,0.807,0.848,0.477
EMP00026,30,4,Data,IC1,0.772,0.558,0.472
EMP00027,35,17,Operations,IC1,0.653,0.634,0.379
EMP00028,25,19,Engineering,IC2,0.936,0.526,0.82
EMP00029,35,32,Sales,Senior Manager,0.629,0.402,0.402
EMP00030,32,21,Finance,Senior Manager,0.496,0.578,0.237
EMP00031,44,22,Customer Success,Manager,0.615,0.526,0.857
EMP00032,29,32,Operations,IC4,0.902,0.42,0.296
EMP00033,34,11,Sales,IC2,0.499,0.697,0.687
EMP00034,47,21,Marketing,IC4,0.522,0.656,0.575
EMP00035,22,44,Customer Success,IC4,0.653,0.76,0.673
EMP00036,26,10,Product,Manager,0.681,0.764,0.455
EMP00037,39,57,Product,Director,0.378,0.636,0.675
EMP00038,30,11,Finance,Manager,0.463,0.544,0.409
EMP00039,22,21,Product,IC3,0.889,0.553,0.729
EMP00040,36,46,Customer Success,IC2,0.72,0.754,0.59
EMP00041,34,16,Customer Success,IC1,0.732,0.759,0.422
EMP00042,32,51,Data,Manager,0.938,0.3,0.383
EMP00043,28,12,Operations,IC4,0.711,0.792,0.662
EMP00044,38,11,Engineering,IC3,0.443,0.231,0.735
EMP00045,32,32,HR,Senior Manager,0.473,0.825,0.453
EMP00046,32,39,Legal,IC2,0.681,0.784,0.585
EMP00047,29,7,Product,IC1,0.395,0.77,0.771
EMP00048,33,19,Finance,IC1,0.71,0.41,0.892
EMP00049,22,12,Product,IC2,0.568,0.841,0.436
EMP00050,30,16,Legal,Manager,0.438,0.735,0.755
EMP00051,27,38,Operations,IC2,0.351,0.183,0.444
EMP00052,32,23,Data,IC1,0.879,0.68,0.603
EMP00053,33,10,Customer Success,IC3,0.674,0.532,0.499
EMP00054,36,13,Data,IC3,0.782,0.374,0.591
EMP00055,27,22,Marketing,IC3,0.82,0.406,0.703
EMP00056,36,6,Product,IC1,0.542,0.593,0.592
EMP00057,35,24,Engineering,IC3,0.361,0.538,0.717
EMP00058,28,17,Marketing,IC3,0.845,0.74,0.483
EMP00059,32,38,Operations,IC4,0.39,0.393,0.548
EMP00060,23,12,Product,IC1,0.6,0.754,0.372
EMP00061,33,28,Marketing,IC3,0.644,0.401,0.759
EMP00062,27,30,Product,IC3,0.566,0.625,0.55
EMP00063,30,12,Finance,IC2,0.403,0.544,0.821
EMP00064,37,55,Operations,Manager,0.552,0.651,0.622
EMP00065,30,23,HR,IC4,0.726,0.65,0.393
EMP00066,33,49,Customer Success,IC2,0.672,0.557,0.666
EMP00067,27,26,Sales,IC1,0.777,0.83,0.349
EMP00068,22,34,Customer Success,IC1,0.713,0.553,0.487
EMP00069,22,46,Customer Success,IC2,0.61,0.531,0.495
EMP00070,26,54,Marketing,IC2,0.744,0.859,0.841
EMP00071,38,27,Operations,IC1,0.526,0.797,0.531
EMP00072,30,13,Product,IC1,0.558,0.488,0.594
EMP00073,32,13,Data,Manager,0.642,0.73,0.701
EMP00074,26,15,Sales,IC1,0.762,0.734,0.549
EMP00075,29,6,Legal,IC4,0.376,0.52,0.673
EMP00076,37,6,Marketing,IC1,0.606,0.651,0.419
EMP00077,38,1,Sales,IC3,0.762,0.321,0.495
EMP00078,32,8,HR,Manager,0.502,0.649,0.302
EMP00079,40,24,Finance,IC1,0.634,0.717,0.614
EMP00080,48,19,Operations,IC1,0.852,0.324,0.592
EMP00081,51,20,Legal,IC3,0.594,0.884,0.511
EMP00082,44,27,Marketing,IC2,0.873,0.42,0.538
EMP00083,44,12,Customer Success,IC2,0.767,0.663,0.698
EMP00084,22,6,Engineering,IC3,0.693,0.674,0.505
EMP00085,24,9,Marketing,IC3,0.893,0.552,0.747
EMP00086,22,27,Engineering,IC2,0.481,0.574,0.566
EMP00087,22,13,Customer Success,IC2,0.435,0.28,0.577
EMP00088,32,19,Finance,IC3,0.781,0.331,0.437
EMP00089,27,10,Operations,IC2,0.748,0.86,0.259
EMP00090,45,27,Product,IC1,0.682,0.84,0.331
EMP00091,23,17,Marketing,Senior Manager,0.729,0.699,0.523
EMP00092,25,8,Data,Senior Manager,0.324,0.378,0.582
EMP00093,34,25,Customer Success,IC2,0.727,0.641,0.458
EMP00094,32,8,Marketing,IC1,0.594,0.569,0.823
EMP00095,22,30,HR,IC3,0.591,0.69,0.504
EMP00096,32,6,Finance,IC3,0.874,0.535,0.709
EMP00097,22,34,HR,IC3,0.544,0.54,0.601
EMP00098,24,3,Sales,IC2,0.687,0.65,0.279
EMP00099,27,25,Operations,IC1,0.655,0.613,0.755
EMP00100,24,31,Sales,IC1,0.599,0.579,0.511
EMP00101,29,30,Marketing,IC1,0.818,0.537,0.66
EMP00102,25,14,Legal,IC2,0.509,0.486,0.512
EMP00103,34,41,Legal,IC4,0.595,0.414,0.34
EMP00104,32,67,Operations,IC2,0.644,0.694,0.431
EMP00105,25,24,Data,IC3,0.304,0.687,0.737
EMP00106,28,12,Finance,Manager,0.602,0.674,0.746
EMP00107,52,23,Data,IC3,0.414,0.797,0.474
EMP00108,39,1,Finance,IC2,0.723,0.77,0.753
EMP00109,24,41,Customer Success,IC1,0.356,0.476,0.297
EMP00110,27,9,Marketing,IC4,0.416,0.736,0.606
EMP00111,30,26,Sales,IC2,0.415,0.923,0.643
EMP00112,36,19,Legal,IC4,0.454,0.411,0.654
EMP00113,25,37,HR,Manager,0.816,0.755,0.5
EMP00114,36,61,Product,IC3,0.433,0.685,0.389
EMP00115,29,20,Engineering,IC3,0.505,0.53,0.205
EMP00116,40,32,Product,IC1,0.709,0.771,0.644
EMP00117,35,13,Sales,IC4,0.669,0.817,0.467
EMP00118,52,12,Sales,IC4,0.82,0.94,0.627
EMP00119,27,14,Finance,IC2,0.425,0.722,0.715
EMP00120,41,16,Data,IC2,0.672,0.74,0.502
EMP00121,40,25,Product,IC1,0.559,0.701,0.462
EMP00122,28,23,Finance,IC1,0.792,0.692,0.731
EMP00123,29,6,Finance,IC4,0.591,0.79,0.531
EMP00124,41,26,Data,IC1,0.625,0.96,0.57
EMP00125,42,62,HR,IC3,0.487,0.454,0.374
EMP00126,26,8,Legal,IC1,0.692,0.469,0.761
EMP00127,29,12,Operations,IC3,0.369,0.761,0.666
EMP00128,26,7,Legal,IC2,0.595,0.559,0.616
EMP00129,22,13,Engineering,IC2,0.611,0.593,0.546
EMP00130,39,25,Product,IC1,0.478,0.876,0.712
EMP00131,39,27,Legal,IC2,0.362,0.786,0.446
EMP00132,42,6,Operations,IC3,0.567,0.493,0.535
EMP00133,22,12,Customer Success,IC3,0.577,0.478,0.618
EMP00134,31,16,Product,IC1,0.399,0.746,0.491
EMP00135,22,23,Operations,IC3,0.634,0.64,0.228
EMP00136,48,11,Finance,IC2,0.505,0.599,0.53
EMP00137,34,16,Sales,IC4,0.745,0.679,0.212
EMP00138,27,44,HR,IC2,0.707,0.604,0.557
EMP00139,36,58,Engineering,IC3,0.752,0.334,0.528
EMP00140,36,27,Operations,IC3,0.516,0.754,0.579
EMP00141,29,21,Legal,IC1,0.611,0.896,0.368
EMP00142,30,6,Sales,Director,0.441,0.443,0.647
EMP00143,35,28,Legal,IC3,0.744,0.618,0.332
EMP00144,29,23,Product,IC1,0.818,0.601,0.565
EMP00145,35,20,Operations,IC3,0.316,0.575,0.545
EMP00146,36,41,Legal,IC2,0.553,0.76,0.342
EMP00147,36,9,Data,Manager,0.831,0.792,0.246
EMP00148,29,30,Marketing,IC1,0.78,0.756,0.691
EMP00149,32,29,Sales,IC2,0.614,0.626,0.395
EMP00150,33,22,Customer Success,IC1,0.621,0.566,0.769
EMP00151,32,24,Sales,IC1,0.578,0.685,0.48
EMP00152,25,8,Legal,IC2,0.737,0.792,0.605
EMP00153,29,64,Legal,IC1,0.635,0.67,0.815
EMP00154,35,13,Engineering,Director,0.594,0.408,0.668
EMP00155,35,21,Data,IC1,0.89,0.756,0.361
EMP00156,30,12,Customer Success,Director,0.539,0.928,0.874
EMP00157,39,13,HR,IC1,0.629,0.461,0.481
EMP00158,22,45,Engineering,IC2,0.778,0.647,0.8
EMP00159,22,25,Product,IC1,0.737,0.552,0.579
EMP00160,37,9,Customer Success,Manager,0.519,0.517,0.329
EMP00161,32,12,Operations,IC1,0.498,0.875,0.483
EMP00162,36,19,Marketing,IC3,0.371,0.647,0.648
EMP00163,35,33,Engineering,IC3,0.543,0.595,0.409
EMP00164,36,21,Marketing,IC3,0.65,0.221,0.622
EMP00165,40,30,Data,IC3,0.715,0.574,0.629
EMP00166,26,48,Product,IC4,0.83,0.699,0.511
EMP00167,28,24,Product,IC2,0.678,0.746,0.441
EMP00168,31,7,HR,IC2,0.648,0.615,0.303
EMP00169,38,9,Product,IC3,0.648,0.646,0.534
EMP00170,22,28,Legal,Senior Manager,0.778,0.659,0.444
EMP00171,45,44,Sales,IC1,0.54,0.652,0.648
EMP00172,27,24,Sales,Manager,0.624,0.839,0.461
EMP00173,40,69,HR,IC2,0.571,0.37,0.814
EMP00174,27,34,Legal,IC1,0.887,0.389,0.564
EMP00175,38,26,Sales,IC3,0.691,0.732,0.546
EMP00176,30,25,Operations,IC3,0.736,0.716,0.532
EMP00177,35,11,Legal,IC3,0.633,0.614,0.654
EMP00178,51,27,Data,IC1,0.552,0.483,0.691
EMP00179,22,21,Finance,IC3,0.499,0.593,0.677
EMP00180,29,20,Marketing,IC1,0.913,0.442,0.41
EMP00181,22,18,Legal,Manager,0.551,0.623,0.891
EMP00182,27,24,Marketing,IC4,0.305,0.592,0.507
EMP00183,37,9,Operations,IC1,0.609,0.496,0.406
EMP00184,43,31,Finance,IC1,0.604,0.66,0.382
EMP00185,25,13,Customer Success,IC1,0.802,0.331,0.378
EMP00186,33,29,HR,IC2,0.813,0.858,0.404
EMP00187,23,4,Legal,IC2,0.867,0.741,0.558
EMP00188,38,30,HR,Director,0.55,0.485,0.473
EMP00189,35,38,Product,IC3,0.523,0.392,0.786
EMP00190,34,3,Marketing,Director,0.584,0.843,0.737
EMP00191,26,15,Marketing,IC3,0.803,0.549,0.615
EMP00192,32,29,Product,IC2,0.813,0.609,0.611
EMP00193,22,30,Customer Success,Manager,0.798,0.552,0.524
EMP00194,30,12,Engineering,IC1,0.834,0.643,0.493
EMP00195,22,10,Data,IC1,0.751,0.766,0.67
EMP00196,29,25,Legal,IC3,0.803,0.747,0.631
EMP00197,46,33,Marketing,Manager,0.713,0.723,0.618
EMP00198,29,15,Data,IC1,0.181,0.742,0.339
EMP00199,23,11,Marketing,Manager,0.726,0.757,0.604
EMP00200,35,13,Engineering,IC1,0.479,0.94,0.62
EMP00201,26,20,Product,IC4,0.968,0.659,0.679
EMP00202,22,21,Engineering,IC1,0.931,0.785,0.587
EMP00203,34,12,Marketing,IC4,0.655,0.581,0.72
EMP00204,42,13,Product,Senior Manager,0.504,0.542,0.629
EMP00205,39,37,Engineering,Director,0.802,0.474,0.426
EMP00206,30,9,Customer Success,IC2,0.692,0.358,0.805
EMP00207,45,17,Product,IC2,0.762,0.454,0.765
EMP00208,31,9,Legal,IC3,0.44,0.496,0.858
EMP00209,24,28,Marketing,IC3,0.494,0.814,0.527
EMP00210,30,20,Operations,IC1,0.736,0.739,0.371
EMP00211,42,40,HR,IC1,0.806,0.139,0.769
EMP00212,28,26,Marketing,IC2,0.748,0.571,0.504
EMP00213,33,18,Legal,IC2,0.501,0.777,0.54
EMP00214,33,16,Sales,IC1,0.818,0.639,0.609
EMP00215,45,50,Data,IC1,0.416,0.677,0.836
EMP00216,33,18,Data,IC1,0.641,0.542,0.71
EMP00217,38,22,HR,IC3,0.789,0.836,0.478
EMP00218,34,12,Marketing,IC3,0.683,0.494,0.783
EMP00219,42,19,HR,IC2,0.444,0.842,0.88
EMP00220,35,28,Finance,IC1,0.753,0.271,0.389
EMP00221,27,27,Marketing,IC2,0.786,0.686,0.306
EMP00222,23,12,Product,IC1,0.664,0.552,0.309
EMP00223,39,55,Product,IC2,0.866,0.911,0.528
EMP00224,24,13,Finance,IC2,0.665,0.607,0.412
EMP00225,23,32,Customer Success,IC4,0.796,0.368,0.793
EMP00226,23,57,Finance,IC1,0.868,0.53,0.239
EMP00227,35,13,Finance,IC3,0.657,0.654,0.55
EMP00228,30,21,HR,IC2,0.463,0.573,0.567
EMP00229,24,44,Engineering,IC1,0.726,0.528,0.217
EMP00230,26,17,Product,Director,0.613,0.457,0.4
EMP00231,24,52,Engineering,IC4,0.487,0.376,0.44
EMP00232,24,12,Finance,IC1,0.851,0.663,0.38
EMP00233,22,26,Customer Success,IC2,0.889,0.521,0.672
EMP00234,41,45,Product,IC2,0.649,0.687,0.483
EMP00235,24,4,Marketing,IC1,0.831,0.549,0.53
EMP00236,33,71,Marketing,IC2,0.616,0.265,0.555
EMP00237,27,22,Marketing,IC2,0.553,0.557,0.466
EMP00238,28,13,Legal,IC1,0.667,0.356,0.532
EMP00239,27,19,HR,Manager,0.559,0.624,0.428
EMP00240,35,44,Sales,Senior Manager,0.723,0.431,0.395
EMP00241,31,12,Finance,IC1,0.772,0.092,0.718
EMP00242,45,56,Sales,IC3,0.831,0.617,0.706
EMP00243,39,3,Operations,IC1,0.575,0.605,0.634
EMP00244,29,18,HR,IC4,0.447,0.668,0.559
EMP00245,34,20,Marketing,IC4,0.841,0.617,0.41
EMP00246,36,26,Product,IC1,0.629,0.797,0.441
EMP00247,22,7,HR,IC1,0.626,0.604,0.737
EMP00248,31,54,Legal,IC2,0.768,0.544,0.544
EMP00249,25,29,Product,IC1,0.26,0.77,0.824
EMP00250,34,14,Engineering,IC3,0.31,0.472,0.266
EMP00251,28,43,Legal,Senior Manager,0.477,0.61,0.623
EMP00252,30,15,Engineering,IC3,0.485,0.757,0.534
EMP00253,35,32,Product,IC2,0.588,0.924,0.676
EMP00254,38,12,Marketing,Manager,0.5,0.681,0.734
EMP00255,31,37,Sales,IC2,0.509,0.671,0.58
EMP00256,49,37,Finance,IC1,0.403,0.5,0.475
EMP00257,38,29,HR,IC1,0.433,0.602,0.422
EMP00258,34,26,HR,IC1,0.516,0.8,0.47
EMP00259,43,37,Marketing,IC1,0.488,0.601,0.091
EMP00260,50,24,Finance,IC2,0.667,0.84,0.553
EMP00261,33,21,Engineering,IC2,0.691,0.583,0.577
EMP00262,33,21,Sales,IC2,0.603,0.506,0.493
EMP00263,48,18,Finance,IC2,0.849,0.83,0.614
EMP00264,27,10,Engineering,IC1,0.82,0.919,0.57
EMP00265,29,11,Finance,IC1,0.553,0.684,0.51
EMP00266,29,14,Operations,IC2,0.726,0.648,0.432
EMP00267,35,18,HR,IC1,0.608,0.681,0.676
EMP00268,41,16,Operations,Manager,0.439,0.55,0.252
EMP00269,35,17,Finance,IC2,0.389,0.734,0.246
EMP00270,23,9,Legal,IC3,0.822,0.616,0.494
EMP00271,45,48,HR,IC1,0.906,0.321,0.783
EMP00272,30,19,Sales,Senior Manager,0.732,0.629,0.394
EMP00273,43,32,Marketing,Manager,0.592,0.807,0.714
EMP00274,40,12,Operations,IC1,0.55,0.765,0.574
EMP00275,39,27,Marketing,IC1,0.51,0.589,0.624
EMP00276,27,34,Engineering,IC4,0.636,0.23,0.633
EMP00277,30,27,Data,Senior Manager,0.713,0.785,0.378
EMP00278,42,46,Legal,IC4,0.372,0.605,0.689
EMP00279,22,15,Engineering,IC2,0.886,0.878,0.832
EMP00280,29,21,Customer Success,IC2,0.604,0.96,0.55
EMP00281,37,49,Engineering,IC3,0.651,0.649,0.797
EMP00282,38,17,Engineering,IC4,0.334,0.847,0.148
EMP00283,30,34,Data,IC3,0.506,0.605,0.547
EMP00284,33,24,HR,IC2,0.407,0.797,0.652
EMP00285,40,19,Legal,IC3,0.812,0.638,0.895
EMP00286,42,18,Legal,IC1,0.708,0.318,0.795
EMP00287,36,14,Sales,IC1,0.572,0.652,0.37
EMP00288,41,12,Engineering,IC3,0.813,0.871,0.505
EMP00289,34,9,Legal,IC2,0.337,0.581,0.511
EMP00290,36,50,Product,Manager,0.523,0.65,0.404
EMP00291,28,5,Sales,Manager,0.69,0.829,0.564
EMP00292,35,8,Product,IC2,0.59,0.651,0.652
EMP00293,31,19,Data,IC2,0.589,0.93,0.591
EMP00294,23,13,Product,IC1,0.363,0.265,0.399
EMP00295,22,17,Marketing,IC2,0.594,0.398,0.474
EMP00296,35,42,Finance,IC2,0.376,0.859,0.649
EMP00297,22,30,Product,Manager,0.804,0.35,0.695
EMP00298,38,17,Data,IC2,0.906,0.698,0.304
EMP00299,31,26,Marketing,IC3,0.625,0.557,0.668
EMP00300,22,18,Data,Senior Manager,0.9,0.644,0.356
EMP00301,26,32,Data,IC2,0.87,0.451,0.621
EMP00302,41,10,Engineering,IC2,0.441,0.841,0.692
EMP00303,22,17,Data,Manager,0.685,0.847,0.286
EMP00304,35,32,Product,IC4,0.606,0.507,0.493
EMP00305,22,14,Finance,IC1,0.649,0.136,0.555
EMP00306,27,16,Data,IC2,0.571,0.741,0.585
EMP00307,40,36,Data,Director,0.546,0.506,0.514
EMP00308,23,7,Legal,IC1,0.774,0.201,0.616
EMP00309,25,37,Customer Success,IC2,0.633,0.412,0.715
EMP00310,33,18,Operations,IC3,0.686,0.634,0.445
EMP00311,34,39,Marketing,IC1,0.267,0.844,0.318
EMP00312,35,9,Customer Success,IC4,0.516,0.75,0.781
EMP00313,34,15,Marketing,Manager,0.498,0.512,0.342
EMP00314,45,15,Operations,Director,0.549,0.498,0.518
EMP00315,34,20,Finance,IC3,0.762,0.551,0.404
EMP00316,24,44,Sales,IC3,0.713,0.688,0.598
EMP00317,24,10,Operations,IC1,0.74,0.908,0.441
EMP00318,36,19,HR,IC3,0.489,0.682,0.735
EMP00319,45,18,Customer Success,Director,0.568,0.299,0.64
EMP00320,29,15,Product,IC2,0.868,0.454,0.711
EMP00321,30,41,Engineering,IC4,0.748,0.928,0.378
EMP00322,30,36,HR,IC3,0.541,0.527,0.401
EMP00323,27,9,Data,IC1,0.852,0.742,0.562
EMP00324,35,30,Data,IC2,0.517,0.397,0.84
EMP00325,31,25,Product,Senior Manager,0.519,0.781,0.539
EMP00326,28,24,Product,IC3,0.59,0.356,0.347
EMP00327,40,9,Legal,IC2,0.708,0.87,0.513
EMP00328,33,17,Marketing,IC4,0.647,0.488,0.46
EMP00329,28,28,Legal,IC4,0.68,0.343,0.596
EMP00330,32,4,Operations,IC1,0.637,0.784,0.71
EMP00331,32,33,Sales,Director,0.356,0.733,0.602
EMP00332,28,26,Customer Success,IC3,0.663,0.62,0.728
EMP00333,33,28,Product,IC1,0.443,0.642,0.648
EMP00334,34,20,Marketing,IC1,0.742,0.634,0.529
EMP00335,22,12,Customer Success,IC2,0.399,0.258,0.429
EMP00336,25,17,Operations,IC2,0.595,0.73,0.566
EMP00337,33,5,Sales,IC3,0.555,0.404,0.684
EMP00338,25,24,HR,IC1,0.696,0.905,0.573
EMP00339,35,18,Legal,IC3,0.6,0.708,0.532
EMP00340,27,21,Operations,IC3,0.816,0.622,0.545
EMP00341,42,23,Data,IC1,0.777,0.855,0.557
EMP00342,31,41,Legal,IC1,0.72,0.669,0.484
EMP00343,42,22,Engineering,IC2,0.55,0.557,0.538
EMP00344,27,20,Legal,IC2,0.384,0.405,0.618
EMP00345,41,17,Operations,IC2,0.555,0.667,0.36
EMP00346,42,11,Product,Manager,0.708,0.703,0.678
EMP00347,30,37,Sales,IC2,0.714,0.206,0.73
EMP00348,39,23,Operations,IC3,0.639,0.828,0.536
EMP00349,56,13,Product,IC2,0.592,0.596,0.363
EMP00350,37,14,Product,Senior Manager,0.383,0.735,0.866
EMP00351,42,21,Legal,IC2,0.638,0.421,0.817
EMP00352,35,5,Sales,IC2,0.581,0.358,0.595
EMP00353,22,9,Operations,Senior Manager,0.683,0.796,0.381
EMP00354,22,18,Operations,IC4,0.878,0.501,0.419
EMP00355,39,13,Data,Manager,0.874,0.771,0.625
EMP00356,23,33,Marketing,IC3,0.425,0.634,0.722
EMP00357,32,68,Customer Success,IC1,0.619,0.877,0.676
EMP00358,31,13,Marketing,IC2,0.677,0.592,0.551
EMP00359,37,16,Operations,IC4,0.429,0.609,0.297
EMP00360,25,20,Legal,IC3,0.432,0.51,0.628
EMP00361,30,10,HR,IC1,0.493,0.798,0.534
EMP00362,28,12,Operations,Manager,0.517,0.745,0.8
EMP00363,28,27,Engineering,IC1,0.678,0.564,0.485
EMP00364,23,32,Product,IC1,0.549,0.351,0.271
EMP00365,23,27,Finance,IC3,0.743,0.809,0.691
EMP00366,25,20,Operations,IC2,0.669,0.804,0.609
EMP00367,22,30,Engineering,IC2,0.37,0.536,0.684
EMP00368,37,62,Engineering,Manager,0.858,0.582,0.447
EMP00369,35,39,Customer Success,IC3,0.802,0.513,0.665
EMP00370,29,25,Sales,IC1,0.765,0.56,0.755
EMP00371,29,19,Operations,Senior Manager,0.731,0.342,0.65
EMP00372,33,6,Sales,IC2,0.516,0.829,0.547
EMP00373,38,26,HR,IC2,0.762,0.806,0.213
EMP00374,35,27,Legal,Manager,0.874,0.534,0.597
EMP00375,22,30,Finance,IC2,0.842,0.568,0.565
EMP00376,27,31,Legal,Senior Manager,0.387,0.46,0.558
EMP00377,22,39,Engineering,Manager,0.777,0.596,0.771
EMP00378,41,8,Product,IC4,0.71,0.771,0.308
EMP00379,31,19,Product,IC4,0.421,0.386,0.435
EMP00380,27,15,Sales,IC1,0.62,0.256,0.774
EMP00381,45,9,Legal,IC3,0.606,0.541,0.303
EMP00382,29,23,Engineering,IC4,0.669,0.405,0.374
EMP00383,32,21,Customer Success,IC2,0.591,0.449,0.766
EMP00384,22,49,Data,Manager,0.836,0.463,0.552
EMP00385,37,24,Legal,IC3,0.604,0.652,0.538
EMP00386,30,19,Sales,IC4,0.729,0.771,0.332
EMP00387,45,15,Finance,IC3,0.768,0.773,0.636
EMP00388,22,33,Sales,IC2,0.729,0.704,0.6
EMP00389,24,9,Engineering,IC2,0.73,0.417,0.531
EMP00390,26,64,Operations,IC3,0.692,0.719,0.551
EMP00391,29,7,Customer Success,IC1,0.73,0.868,0.434
EMP00392,46,22,Engineering,IC2,0.534,0.647,0.182
EMP00393,31,47,Customer Success,Senior Manager,0.821,0.811,0.676
EMP00394,33,17,Marketing,IC3,0.591,0.239,0.672
EMP00395,41,19,Marketing,IC2,0.433,0.524,0.294
EMP00396,37,23,Product,IC3,0.787,0.823,0.794
EMP00397,29,14,Customer Success,IC2,0.749,0.571,0.482
EMP00398,26,19,Legal,IC1,0.683,0.478,0.725
EMP00399,23,23,Finance,IC1,0.533,0.671,0.767
EMP00400,22,7,Data,IC3,0.361,0.534,0.659
EMP00401,24,92,Sales,Senior Manager,0.717,0.664,0.428
EMP00402,23,36,Marketing,Senior Manager,0.711,0.441,0.496
EMP00403,22,16,Sales,IC1,0.613,0.467,0.579
EMP00404,48,49,Sales,IC3,0.793,0.62,0.696
EMP00405,34,18,Finance,IC2,0.727,0.852,0.51
EMP00406,22,31,Engineering,IC1,0.521,0.34,0.728
EMP00407,33,44,Sales,IC1,0.386,0.221,0.751
EMP00408,37,14,Customer Success,IC3,0.615,0.817,0.324
EMP00409,41,41,Finance,IC2,0.663,0.668,0.456
EMP00410,42,10,Marketing,IC2,0.491,0.874,0.754
EMP00411,22,6,Operations,IC3,0.295,0.493,0.416
EMP00412,30,1,Sales,IC3,0.698,0.741,0.762
EMP00413,37,22,Product,IC2,0.68,0.695,0.862
EMP00414,41,6,Finance,IC3,0.363,0.845,0.353
EMP00415,33,21,Engineering,IC1,0.438,0.538,0.25
EMP00416,42,23,HR,IC3,0.75,0.931,0.649
EMP00417,24,50,Marketing,IC1,0.756,0.535,0.58
EMP00418,24,28,Marketing,Manager,0.871,0.6,0.433
EMP00419,41,12,HR,IC2,0.511,0.788,0.538
EMP00420,29,22,Customer Success,IC3,0.465,0.8,0.841
EMP00421,38,33,Operations,IC3,0.841,0.436,0.581
EMP00422,34,47,Marketing,IC3,0.776,0.542,0.615
EMP00423,38,15,Marketing,Manager,0.872,0.855,0.254
EMP00424,44,25,Engineering,Manager,0.674,0.669,0.659
EMP00425,22,22,Marketing,IC4,0.758,0.534,0.329
EMP00426,36,13,Finance,IC3,0.796,0.815,0.528
EMP00427,44,12,Customer Success,IC3,0.771,0.786,0.735
EMP00428,28,20,Operations,IC1,0.54,0.695,0.819
EMP00429,25,11,Product,IC1,0.649,0.752,0.471
EMP00430,44,14,Operations,Manager,0.556,0.789,0.706
EMP00431,39,17,Customer Success,IC2,0.737,0.463,0.79
EMP00432,22,19,Legal,IC1,0.656,0.741,0.576
EMP00433,28,23,Finance,IC2,0.712,0.779,0.721
EMP00434,41,20,Legal,IC2,0.731,0.792,0.639
EMP00435,30,36,Customer Success,IC1,0.494,0.646,0.425
EMP00436,22,37,Engineering,IC1,0.803,0.891,0.479
EMP00437,30,25,Product,IC1,0.546,0.666,0.427
EMP00438,28,22,Operations,IC1,0.744,0.476,0.537
EMP00439,23,31,Sales,IC4,0.416,0.392,0.598
EMP00440,39,39,Data,Senior Manager,0.258,0.625,0.332
EMP00441,50,15,Operations,Manager,0.748,0.793,0.683
EMP00442,28,17,Engineering,IC1,0.759,0.542,0.565
EMP00443,28,42,Product,IC1,0.913,0.389,0.513
EMP00444,27,31,Data,IC3,0.913,0.635,0.41
EMP00445,39,22,Finance,IC1,0.848,0.626,0.378
EMP00446,22,13,Customer Success,IC1,0.821,0.778,0.454
EMP00447,31,25,Customer Success,IC1,0.694,0.764,0.642
EMP00448,42,23,Finance,Senior Manager,0.499,0.807,0.853
EMP00449,33,17,Data,IC1,0.617,0.339,0.529
EMP00450,22,26,Legal,IC2,0.601,0.354,0.692
EMP00451,22,33,Product,IC1,0.61,0.685,0.257
EMP00452,30,25,Finance,Manager,0.922,0.409,0.45
EMP00453,39,31,Data,IC1,0.584,0.873,0.698
EMP00454,42,28,Marketing,IC1,0.303,0.593,0.703
EMP00455,29,20,Operations,Director,0.482,0.604,0.566
EMP00456,26,33,Engineering,IC1,0.734,0.432,0.466
EMP00457,31,40,Finance,IC3,0.808,0.474,0.37
EMP00458,31,31,Engineering,IC4,0.49,0.848,0.441
EMP00459,34,5,Legal,IC1,0.569,0.761,0.417
EMP00460,43,14,Legal,IC2,0.671,0.465,0.78
EMP00461,25,23,Marketing,IC1,0.58,0.71,0.403
EMP00462,22,23,Customer Success,Director,0.866,0.487,0.306
EMP00463,28,12,Finance,Director,0.607,0.598,0.547
EMP00464,36,11,Product,Manager,0.71,0.343,0.245
EMP00465,38,14,Customer Success,IC2,0.966,0.697,0.517
EMP00466,34,22,Data,IC1,0.628,0.645,0.642
EMP00467,32,23,Customer Success,IC2,0.518,0.775,0.474
EMP00468,39,39,Product,IC2,0.761,0.778,0.732
EMP00469,43,25,Operations,IC2,0.743,0.553,0.362
EMP00470,23,54,Legal,IC3,0.746,0.672,0.386
EMP00471,23,11,Operations,IC1,0.445,0.811,0.686
EMP00472,48,23,Finance,IC1,0.739,0.294,0.781
EMP00473,22,9,Customer Success,IC1,0.678,0.744,0.684
EMP00474,23,31,Finance,IC2,0.793,0.59,0.57
EMP00475,25,19,Operations,IC1,0.787,0.862,0.513
EMP00476,47,55,Legal,IC1,0.782,0.445,0.703
EMP00477,35,9,Sales,IC3,0.609,0.869,0.732
EMP00478,23,12,Marketing,IC3,0.42,0.439,0.71
EMP00479,40,12,Finance,IC2,0.589,0.615,0.624
EMP00480,30,51,Finance,IC2,0.654,0.94,0.699
EMP00481,22,16,Sales,IC3,0.576,0.759,0.364
EMP00482,26,40,Data,Manager,0.873,0.785,0.697
EMP00483,32,9,Data,IC2,0.424,0.659,0.691
EMP00484,42,36,Operations,IC2,0.28,0.496,0.461
EMP00485,32,54,Finance,IC1,0.823,0.71,0.515
EMP00486,31,34,Legal,IC3,0.513,0.667,0.476
EMP00487,44,4,Engineering,IC2,0.705,0.225,0.509
EMP00488,26,17,Operations,Manager,0.58,0.905,0.664
EMP00489,44,44,Operations,IC3,0.662,0.544,0.681
EMP00490,27,21,Marketing,Manager,0.815,0.549,0.581
EMP00491,22,11,Finance,IC2,0.761,0.868,0.573
EMP00492,39,26,Data,Manager,0.873,0.722,0.458
EMP00493,28,18,Data,IC3,0.847,0.549,0.639
EMP00494,25,13,Customer Success,IC2,0.643,0.881,0.398
EMP00495,31,13,HR,IC2,0.597,0.873,0.675
EMP00496,33,5,HR,IC2,0.307,0.721,0.691
EMP00497,31,29,HR,IC4,0.656,0.673,0.681
EMP00498,42,6,Marketing,IC1,0.565,0.509,0.593
EMP00499,37,4,Legal,IC2,0.556,0.736,0.418
EMP00500,32,40,HR,IC2,0.448,0.447,0.753
EMP00501,48,14,Sales,Manager,0.492,0.695,0.567
EMP00502,22,23,Product,IC3,0.325,0.538,0.318
EMP00503,40,3,Operations,IC2,0.791,0.563,0.499
EMP00504,29,25,Legal,IC2,0.759,0.636,0.544
EMP00505,34,13,Data,IC4,0.482,0.281,0.738
EMP00506,30,13,Customer Success,IC2,0.709,0.769,0.68
EMP00507,23,20,Product,IC2,0.363,0.799,0.55
EMP00508,22,14,Marketing,IC2,0.708,0.399,0.463
EMP00509,40,46,Operations,IC1,0.667,0.899,0.308
EMP00510,37,19,Marketing,IC1,0.591,0.537,0.628
EMP00511,33,25,Marketing,IC1,0.865,0.507,0.648
EMP00512,24,45,Sales,IC1,0.418,0.699,0.387
EMP00513,40,32,Engineering,IC4,0.555,0.865,0.537
EMP00514,36,26,Engineering,Manager,0.72,0.556,0.678
EMP00515,32,5,Marketing,IC4,0.498,0.651,0.43
EMP00516,22,40,HR,Manager,0.554,0.82,0.59
EMP00517,22,37,Data,IC2,0.773,0.833,0.469
EMP00518,22,30,Product,IC3,0.538,0.77,0.446
EMP00519,23,10,HR,IC1,0.773,0.681,0.571
EMP00520,39,17,Finance,IC2,0.403,0.303,0.496
EMP00521,27,17,Data,IC2,0.692,0.721,0.495
EMP00522,22,19,Marketing,IC1,0.767,0.888,0.53
EMP00523,33,15,Finance,IC1,0.809,0.896,0.657
EMP00524,40,16,HR,IC2,0.676,0.74,0.512
EMP00525,36,20,Finance,Senior Manager,0.544,0.775,0.385
EMP00526,38,24,Marketing,Manager,0.565,0.631,0.814
EMP00527,29,8,Sales,IC4,0.498,0.77,0.696
EMP00528,41,31,Engineering,IC2,0.803,0.654,0.481
EMP00529,22,10,Product,Manager,0.696,0.765,0.522
EMP00530,25,16,Finance,IC3,0.459,0.62,0.521
EMP00531,35,11,Marketing,IC2,0.396,0.836,0.803
EMP00532,32,24,Sales,IC2,0.622,0.444,0.428
EMP00533,25,29,Legal,IC4,0.824,0.475,0.401
EMP00534,26,7,HR,IC1,0.666,0.821,0.569
EMP00535,27,31,Engineering,IC3,0.584,0.393,0.726
EMP00536,39,18,Legal,IC2,0.783,0.481,0.421
EMP00537,34,29,Marketing,IC1,0.585,0.907,0.58
EMP00538,28,21,Product,IC3,0.595,0.566,0.373
EMP00539,43,10,HR,IC2,0.638,0.837,0.54
EMP00540,36,19,Sales,IC4,0.661,0.656,0.485
EMP00541,23,39,HR,IC3,0.575,0.651,0.777
EMP00542,28,32,Legal,IC3,0.823,0.579,0.423
EMP00543,33,45,Legal,IC2,0.455,0.6,0.635
EMP00544,33,36,Data,IC4,0.731,0.64,0.562
EMP00545,29,10,Customer Success,IC1,0.814,0.378,0.771
EMP00546,29,33,HR,Senior Manager,0.804,0.94,0.791
EMP00547,26,42,Data,IC3,0.344,0.492,0.597
EMP00548,35,20,Legal,IC2,0.534,0.607,0.693
EMP00549,23,18,Finance,IC2,0.888,0.524,0.401
EMP00550,29,27,Legal,Senior Manager,0.713,0.676,0.6
EMP00551,35,25,HR,IC1,0.856,0.848,0.537
EMP00552,22,8,Sales,IC4,0.717,0.95,0.921
EMP00553,34,22,HR,IC1,0.427,0.59,0.72
EMP00554,42,62,HR,IC2,0.699,0.439,0.709
EMP00555,44,30,Operations,IC1,0.6,0.413,0.513
EMP00556,31,56,Marketing,IC1,0.774,0.592,0.683
EMP00557,26,65,Operations,IC1,0.78,0.705,0.622
EMP00558,29,37,Legal,IC1,0.632,0.666,0.65
EMP00559,22,11,HR,IC2,0.485,0.391,0.309
EMP00560,31,66,Marketing,Manager,0.641,0.628,0.385
EMP00561,28,15,Operations,IC1,0.685,0.789,0.263
EMP00562,41,35,HR,IC2,0.691,0.688,0.416
EMP00563,26,39,Product,IC2,0.414,0.749,0.331
EMP00564,32,77,Operations,IC1,0.602,0.407,0.715
EMP00565,31,33,Marketing,Manager,0.829,0.554,0.531
EMP00566,35,21,Operations,IC2,0.83,0.523,0.386
EMP00567,24,30,Customer Success,IC2,0.677,0.739,0.661
EMP00568,27,7,Customer Success,Manager,0.795,0.5,0.122
EMP00569,25,19,Legal,IC2,0.769,0.429,0.67
EMP00570,31,23,Product,IC3,0.609,0.748,0.453
EMP00571,49,22,Sales,IC2,0.697,0.879,0.55
EMP00572,27,24,Sales,IC3,0.803,0.631,0.282
EMP00573,32,5,Marketing,IC2,0.638,0.836,0.585
EMP00574,30,44,Finance,IC2,0.695,0.749,0.408
EMP00575,29,25,Sales,IC2,0.628,0.84,0.261
EMP00576,27,16,Marketing,IC1,0.747,0.379,0.94
EMP00577,33,10,Product,IC2,0.355,0.592,0.415
EMP00578,26,23,Finance,IC1,0.615,0.236,0.204
EMP00579,38,33,Finance,IC2,0.615,0.606,0.573
EMP00580,30,40,Customer Success,IC3,0.684,0.676,0.885
EMP00581,28,25,Legal,IC3,0.532,0.711,0.573
EMP00582,22,16,HR,Manager,0.642,0.73,0.566
EMP00583,38,24,Finance,IC3,0.481,0.734,0.618
EMP00584,25,35,Engineering,Manager,0.707,0.506,0.917
EMP00585,26,20,Marketing,IC2,0.467,0.526,0.563
EMP00586,34,36,Finance,IC2,0.701,0.486,0.393
EMP00587,33,23,Finance,IC2,0.357,0.772,0.422
EMP00588,24,14,Data,IC1,0.397,0.329,0.748
EMP00589,36,45,Engineering,IC1,0.427,0.759,0.873
EMP00590,29,20,Data,IC3,0.717,0.785,0.621
EMP00591,36,41,Finance,IC2,0.862,0.51,0.762
EMP00592,32,29,HR,IC4,0.553,0.353,0.507
EMP00593,22,10,Engineering,IC1,0.783,0.763,0.605
EMP00594,37,52,Customer Success,IC4,0.8,0.4,0.43
EMP00595,22,13,Operations,Senior Manager,0.702,0.469,0.631
EMP00596,22,21,Finance,IC4,0.887,0.52,0.693
EMP00597,22,27,Finance,IC3,0.339,0.856,0.325
EMP00598,33,34,Legal,Manager,0.637,0.778,0.392
EMP00599,41,13,Legal,Manager,0.263,0.62,0.356
EMP00600,44,29,Data,IC3,0.634,0.872,0.355
EMP00601,41,9,Marketing,IC1,0.403,0.355,0.434
EMP00602,22,33,HR,IC1,0.764,0.59,0.403
EMP00603,33,54,Marketing,Manager,0.82,0.499,0.651
EMP00604,41,30,Operations,IC2,0.776,0.529,0.372
EMP00605,33,29,Finance,IC3,0.52,0.628,0.666
EMP00606,22,34,HR,IC3,0.483,0.523,0.62
EMP00607,29,26,Engineering,Director,0.438,0.695,0.599
EMP00608,28,5,Finance,IC2,0.621,0.356,0.364
EMP00609,22,33,Customer Success,IC2,0.627,0.484,0.544
EMP00610,28,44,Finance,IC4,0.407,0.483,0.499
EMP00611,38,49,Sales,IC2,0.643,0.823,0.796
EMP00612,33,25,HR,IC4,0.611,0.871,0.501
EMP00613,29,41,Sales,Senior Manager,0.433,0.685,0.733
EMP00614,31,23,Data,Senior Manager,0.603,0.576,0.557
EMP00615,26,42,Legal,IC1,0.813,0.465,0.394
EMP00616,36,21,Engineering,IC1,0.583,0.627,0.827
EMP00617,22,45,Finance,IC2,0.532,0.586,0.68
EMP00618,22,19,Data,IC1,0.766,0.842,0.325
EMP00619,35,17,Data,IC1,0.74,0.829,0.842
EMP00620,36,13,Engineering,IC3,0.648,0.464,0.66
EMP00621,34,13,Product,IC3,0.198,0.816,0.729
EMP00622,29,27,Finance,IC1,0.457,0.771,0.616
EMP00623,46,14,Sales,Manager,0.419,0.623,0.443
EMP00624,40,16,HR,IC2,0.459,0.517,0.301
EMP00625,43,48,Sales,IC1,0.544,0.675,0.718
EMP00626,45,17,Engineering,IC3,0.49,0.398,0.434
EMP00627,44,34,Operations,IC2,0.567,0.447,0.922
EMP00628,33,13,Finance,IC2,0.649,0.827,0.703
EMP00629,40,7,Customer Success,Director,0.619,0.73,0.631
EMP00630,22,17,Marketing,IC1,0.641,0.848,0.5
EMP00631,31,42,HR,IC1,0.422,0.729,0.512
EMP00632,27,38,Customer Success,IC1,0.532,0.437,0.37
EMP00633,47,13,Customer Success,Manager,0.326,0.685,0.398
EMP00634,24,17,Finance,Manager,0.721,0.731,0.705
EMP00635,44,32,Operations,IC1,0.445,0.701,0.722
EMP00636,41,59,Finance,Manager,0.525,0.453,0.638
EMP00637,30,15,Operations,IC1,0.671,0.672,0.565
EMP00638,37,38,Product,Manager,0.645,0.494,0.715
EMP00639,42,15,HR,IC1,0.682,0.627,0.294
EMP00640,31,50,Engineering,IC2,0.652,0.608,0.766
EMP00641,23,5,Legal,IC4,0.919,0.849,0.62
EMP00642,41,25,Engineering,IC1,0.593,0.89,0.587
EMP00643,31,31,Customer Success,IC4,0.88,0.731,0.706
EMP00644,35,10,Marketing,Director,0.915,0.327,0.646
EMP00645,54,18,Product,IC2,0.793,0.427,0.77
EMP00646,23,37,Engineering,IC2,0.531,0.63,0.372
EMP00647,35,26,Engineering,IC3,0.508,0.884,0.565
EMP00648,33,10,Marketing,IC3,0.895,0.668,0.827
EMP00649,40,20,Marketing,IC2,0.752,0.647,0.332
EMP00650,33,30,Engineering,IC4,0.448,0.782,0.434
EMP00651,32,19,Data,IC3,0.739,0.488,0.541
EMP00652,28,25,Sales,IC1,0.597,0.894,0.368
EMP00653,22,20,Marketing,IC1,0.519,0.221,0.702
EMP00654,26,26,Sales,Director,0.321,0.425,0.493
EMP00655,37,15,HR,IC1,0.755,0.462,0.465
EMP00656,31,11,Product,IC1,0.744,0.631,0.604
EMP00657,34,22,Data,Manager,0.615,0.816,0.85
EMP00658,38,20,Marketing,IC2,0.506,0.628,0.424
EMP00659,26,24,HR,IC4,0.705,0.681,0.771
EMP00660,43,5,Operations,Director,0.57,0.469,0.409
EMP00661,36,16,Customer Success,IC1,0.283,0.542,0.459
EMP00662,41,32,Sales,IC3,0.429,0.681,0.412
EMP00663,39,18,Data,IC3,0.659,0.673,0.423
EMP00664,22,27,Data,Manager,0.56,0.772,0.435
EMP00665,38,14,Product,IC1,0.773,0.483,0.591
EMP00666,48,11,Sales,IC1,0.439,0.704,0.339
EMP00667,28,16,Operations,IC1,0.716,0.837,0.733
EMP00668,34,37,Product,IC3,0.552,0.433,0.783
EMP00669,31,22,Data,IC1,0.621,0.903,0.676
EMP00670,22,15,Engineering,IC2,0.485,0.551,0.63
EMP00671,51,15,Operations,IC1,0.235,0.556,0.498
EMP00672,32,19,Data,IC4,0.303,0.648,0.544
EMP00673,33,46,Finance,IC4,0.597,0.566,0.526
EMP00674,43,18,Finance,IC1,0.197,0.785,0.65
EMP00675,30,12,Marketing,IC3,0.896,0.693,0.601
EMP00676,23,31,Product,IC1,0.691,0.773,0.569
EMP00677,25,17,Data,IC3,0.527,0.878,0.668
EMP00678,39,27,Marketing,IC2,0.421,0.788,0.484
EMP00679,28,38,Product,Manager,0.702,0.612,0.648
EMP00680,22,25,Operations,IC1,0.395,0.655,0.38
EMP00681,22,24,Data,IC3,0.451,0.646,0.448
EMP00682,35,58,Product,IC2,0.479,0.447,0.881
EMP00683,30,31,Data,Manager,0.561,0.595,0.705
EMP00684,28,2,Engineering,IC1,0.676,0.281,0.78
EMP00685,22,9,Customer Success,IC2,0.526,0.774,0.551
EMP00686,26,14,Legal,IC1,0.42,0.746,0.386
EMP00687,32,16,Finance,IC1,0.754,0.54,0.544
EMP00688,45,19,Customer Success,IC3,0.564,0.463,0.467
EMP00689,30,30,Product,IC2,0.415,0.851,0.477
EMP00690,50,34,Legal,IC4,0.58,0.692,0.794
EMP00691,40,3,Customer Success,IC4,0.629,0.605,0.432
EMP00692,38,12,Engineering,IC3,0.368,0.963,0.382
EMP00693,33,17,Finance,IC2,0.657,0.654,0.584
EMP00694,25,23,HR,IC2,0.706,0.432,0.436
EMP00695,24,9,Product,IC3,0.777,0.739,0.309
EMP00696,33,50,Finance,IC2,0.669,0.775,0.453
EMP00697,25,34,Customer Success,IC2,0.41,0.741,0.583
EMP00698,32,10,HR,Senior Manager,0.881,0.556,0.536
EMP00699,29,10,Sales,IC1,0.687,0.587,0.809
EMP00700,37,39,Finance,IC2,0.379,0.333,0.754
EMP00701,35,13,Sales,IC1,0.562,0.768,0.242
EMP00702,22,63,Legal,IC2,0.613,0.964,0.452
EMP00703,44,25,Operations,IC1,0.457,0.706,0.28
EMP00704,29,22,Data,Manager,0.725,0.887,0.915
EMP00705,34,10,Legal,IC1,0.576,0.795,0.447
EMP00706,33,39,HR,IC1,0.469,0.76,0.443
EMP00707,36,41,HR,IC1,0.679,0.754,0.628
EMP00708,26,18,Finance,IC2,0.639,0.628,0.552
EMP00709,33,62,Data,Director,0.578,0.518,0.467
EMP00710,34,24,Operations,Senior Manager,0.476,0.735,0.645
EMP00711,39,1,Customer Success,IC4,0.775,0.641,0.61
EMP00712,24,9,Marketing,IC1,0.763,0.843,0.439
EMP00713,44,15,Product,IC1,0.712,0.787,0.664
EMP00714,28,20,Operations,IC3,0.715,0.607,0.48
EMP00715,29,16,HR,IC3,0.464,0.493,0.639
EMP00716,31,21,Marketing,IC1,0.684,0.557,0.137
EMP00717,47,10,HR,Manager,0.879,0.584,0.639
EMP00718,27,33,Data,IC2,0.911,0.581,0.751
EMP00719,36,38,Data,Senior Manager,0.628,0.666,0.655
EMP00720,28,4,Finance,IC2,0.782,0.738,0.774
EMP00721,37,75,Customer Success,IC3,0.578,0.825,0.368
EMP00722,25,18,Engineering,IC4,0.573,0.639,0.67
EMP00723,29,19,HR,IC1,0.724,0.778,0.336
EMP00724,31,20,Customer Success,Manager,0.445,0.718,0.497
EMP00725,42,24,Sales,Manager,0.685,0.447,0.622
EMP00726,28,37,HR,Director,0.638,0.84,0.628
EMP00727,35,24,Marketing,IC3,0.632,0.576,0.241
EMP00728,22,10,Customer Success,IC2,0.711,0.382,0.605
EMP00729,28,11,Operations,IC3,0.36,0.766,0.319
EMP00730,30,36,Customer Success,IC1,0.5,0.613,0.509
EMP00731,41,23,Operations,IC3,0.701,0.861,0.44
EMP00732,33,36,Data,IC2,0.207,0.392,0.624
EMP00733,44,15,Operations,IC2,0.634,0.864,0.359
EMP00734,29,27,Legal,IC3,0.492,0.722,0.624
EMP00735,28,30,Engineering,IC3,0.925,0.674,0.323
EMP00736,22,27,Legal,IC1,0.686,0.206,0.813
EMP00737,38,25,Marketing,Manager,0.66,0.512,0.536
EMP00738,35,35,Product,IC4,0.818,0.505,0.324
EMP00739,26,12,Marketing,IC2,0.76,0.526,0.376
EMP00740,26,35,Finance,IC1,0.794,0.572,0.429
EMP00741,30,23,HR,IC3,0.669,0.5,0.211
EMP00742,24,10,Legal,IC1,0.503,0.57,0.551
EMP00743,27,19,Marketing,IC2,0.513,0.768,0.777
EMP00744,25,13,HR,Manager,0.322,0.531,0.362
EMP00745,22,30,HR,IC1,0.563,0.37,0.772
EMP00746,22,20,HR,Senior Manager,0.449,0.654,0.489
EMP00747,26,12,Engineering,Senior Manager,0.889,0.582,0.328
EMP00748,23,48,Product,IC2,0.187,0.88,0.84
EMP00749,22,42,Operations,IC4,0.565,0.625,0.651
EMP00750,42,15,Marketing,IC1,0.751,0.748,0.522
EMP00751,31,29,Finance,IC1,0.64,0.46,0.522
EMP00752,41,25,Marketing,IC2,0.571,0.736,0.644
EMP00753,29,37,Operations,IC2,0.673,0.542,0.575
EMP00754,27,18,Data,IC4,0.662,0.664,0.386
EMP00755,28,18,Customer Success,IC3,0.698,0.434,0.567
EMP00756,39,15,HR,IC2,0.682,0.437,0.401
EMP00757,37,30,Legal,Senior Manager,0.936,0.614,0.471
EMP00758,25,12,Legal,IC4,0.58,0.56,0.457
EMP00759,24,15,Customer Success,IC2,0.859,0.681,0.313
EMP00760,31,15,Finance,IC1,0.901,0.805,0.534
EMP00761,28,55,Legal,IC1,0.804,0.753,0.176
EMP00762,37,17,Customer Success,IC3,0.449,0.413,0.498
EMP00763,34,23,Customer Success,IC2,0.505,0.824,0.624
EMP00764,24,24,HR,IC1,0.781,0.722,0.506
EMP00765,33,33,Operations,Senior Manager,0.772,0.541,0.807
EMP00766,35,16,Operations,IC1,0.772,0.647,0.488
EMP00767,26,8,Operations,Senior Manager,0.425,0.708,0.672
EMP00768,33,27,Marketing,IC1,0.622,0.492,0.499
EMP00769,40,2,Product,IC1,0.657,0.657,0.735
EMP00770,27,33,Marketing,IC1,0.275,0.787,0.657
EMP00771,23,22,Customer Success,IC1,0.531,0.295,0.671
EMP00772,33,20,Product,Senior Manager,0.108,0.606,0.37
EMP00773,34,10,Legal,IC1,0.909,0.806,0.614
EMP00774,35,20,Sales,IC4,0.671,0.624,0.36
EMP00775,34,40,Marketing,IC3,0.712,0.305,0.577
EMP00776,22,35,Marketing,IC2,0.886,0.616,0.795
EMP00777,50,23,HR,IC2,0.641,0.54,0.477
EMP00778,29,23,Operations,IC2,0.758,0.662,0.842
EMP00779,29,14,Data,IC2,0.195,0.882,0.698
EMP00780,35,14,Legal,IC3,0.739,0.543,0.675
EMP00781,31,6,Data,Director,0.969,0.606,0.669
EMP00782,31,23,Operations,IC1,0.636,0.563,0.696
EMP00783,33,20,Product,IC1,0.777,0.436,0.447
EMP00784,28,10,Marketing,IC1,0.82,0.557,0.782
EMP00785,26,33,Operations,IC1,0.606,0.789,0.782
EMP00786,26,13,Marketing,IC2,0.303,0.527,0.502
EMP00787,29,16,Customer Success,Senior Manager,0.654,0.603,0.686
EMP00788,30,10,Sales,IC2,0.745,0.671,0.518
EMP00789,35,35,Operations,IC1,0.558,0.626,0.513
EMP00790,33,13,Engineering,IC3,0.702,0.577,0.373
EMP00791,22,29,Legal,IC3,0.529,0.555,0.755
EMP00792,25,22,Sales,Manager,0.52,0.312,0.619
EMP00793,31,36,Operations,Senior Manager,0.688,0.637,0.659
EMP00794,36,17,Engineering,IC1,0.73,0.629,0.774
EMP00795,22,15,Engineering,Manager,0.613,0.726,0.6
EMP00796,29,26,Legal,IC2,0.625,0.672,0.441
EMP00797,28,34,Operations,IC3,0.701,0.763,0.521
EMP00798,27,7,Sales,IC3,0.583,0.765,0.344
EMP00799,41,22,HR,IC2,0.591,0.571,0.346
EMP00800,25,23,Product,Director,0.489,0.683,0.568
EMP00801,46,23,Engineering,Manager,0.617,0.775,0.428
EMP00802,42,1,Data,IC2,0.489,0.813,0.709
EMP00803,44,23,Operations,IC3,0.409,0.485,0.8
EMP00804,41,39,HR,Director,0.612,0.801,0.249
EMP00805,33,18,HR,IC1,0.779,0.586,0.437
EMP00806,30,27,HR,IC1,0.552,0.745,0.635
EMP00807,22,74,Customer Success,IC1,0.586,0.484,0.646
EMP00808,22,12,Sales,Manager,0.639,0.58,0.69
EMP00809,42,7,Engineering,IC1,0.647,0.801,0.639
EMP00810,30,30,Operations,Director,0.636,0.6,0.629
EMP00811,45,20,HR,IC3,0.645,0.382,0.471
EMP00812,25,28,Product,IC2,0.898,0.9,0.619
EMP00813,24,21,Product,IC3,0.351,0.318,0.775
EMP00814,23,8,Finance,IC4,0.815,0.847,0.406
EMP00815,32,15,HR,IC1,0.813,0.818,0.333
EMP00816,42,24,Product,IC4,0.814,0.884,0.592
EMP00817,47,22,Data,IC1,0.563,0.503,0.589
EMP00818,22,6,Engineering,IC4,0.757,0.773,0.654
EMP00819,37,10,Sales,IC3,0.534,0.859,0.562
EMP00820,27,30,Sales,IC4,0.226,0.881,0.561
EMP00821,27,11,Data,Director,0.488,0.798,0.689
EMP00822,22,43,Operations,IC4,0.437,0.751,0.538
EMP00823,38,27,Product,IC1,0.724,0.431,0.389
EMP00824,32,9,Marketing,IC1,0.595,0.403,0.432
EMP00825,35,39,Product,IC3,0.568,0.539,0.377
EMP00826,35,20,Legal,IC1,0.771,0.469,0.513
EMP00827,29,29,Finance,Senior Manager,0.486,0.651,0.78
EMP00828,30,25,Data,IC1,0.871,0.439,0.412
EMP00829,31,38,Data,IC1,0.803,0.585,0.483
EMP00830,27,21,Data,IC1,0.649,0.841,0.493
EMP00831,27,13,Marketing,IC4,0.654,0.793,0.631
EMP00832,28,1,Legal,IC1,0.712,0.391,0.548
EMP00833,32,48,Finance,IC3,0.959,0.65,0.765
EMP00834,22,17,HR,IC2,0.606,0.524,0.611
EMP00835,27,7,HR,Senior Manager,0.733,0.831,0.676
EMP00836,29,20,Operations,IC3,0.701,0.454,0.631
EMP00837,37,24,Data,IC1,0.541,0.226,0.754
EMP00838,42,13,Finance,IC2,0.882,0.514,0.59
EMP00839,40,15,Operations,IC3,0.811,0.269,0.679
EMP00840,37,23,Data,IC1,0.717,0.497,0.783
EMP00841,31,27,Data,Senior Manager,0.697,0.549,0.581
EMP00842,36,8,Engineering,IC2,0.671,0.684,0.411
EMP00843,35,9,Data,IC2,0.694,0.512,0.519
EMP00844,39,20,Product,Manager,0.794,0.802,0.384
EMP00845,31,22,Marketing,IC2,0.677,0.498,0.674
EMP00846,41,9,Marketing,IC4,0.551,0.489,0.637
EMP00847,31,22,Operations,IC3,0.445,0.512,0.522
EMP00848,36,57,Product,IC4,0.605,0.556,0.458
EMP00849,34,51,Sales,IC1,0.402,0.642,0.805
EMP00850,22,41,Marketing,IC4,0.605,0.624,0.605
EMP00851,22,20,Sales,IC4,0.595,0.699,0.708
EMP00852,37,35,Legal,IC3,0.752,0.717,0.681
EMP00853,38,40,Product,IC1,0.388,0.801,0.348
EMP00854,24,12,Sales,IC2,0.789,0.574,0.79
EMP00855,30,30,Engineering,IC3,0.69,0.548,0.606
EMP00856,25,30,Finance,Senior Manager,0.704,0.57,0.667
EMP00857,28,32,HR,IC4,0.77,0.433,0.782
EMP00858,29,20,Data,IC1,0.599,0.521,0.555
EMP00859,26,33,HR,IC2,0.664,0.611,0.589
EMP00860,27,23,Operations,IC3,0.752,0.896,0.558
EMP00861,34,18,Engineering,IC3,0.526,0.58,0.525
EMP00862,29,7,Marketing,IC1,0.588,0.32,0.448
EMP00863,37,22,Operations,IC2,0.441,0.354,0.691
EMP00864,33,20,Operations,IC2,0.761,0.757,0.518
EMP00865,29,36,HR,IC2,0.775,0.58,0.596
EMP00866,26,50,Product,IC2,0.44,0.547,0.392
EMP00867,29,21,Marketing,IC3,0.664,0.661,0.431
EMP00868,38,40,Operations,IC1,0.685,0.696,0.451
EMP00869,40,24,Data,Manager,0.502,0.635,0.519
EMP00870,22,11,Marketing,IC1,0.7,0.898,0.663
EMP00871,38,22,Finance,IC2,0.604,0.694,0.54
EMP00872,32,40,Product,IC2,0.539,0.815,0.514
EMP00873,29,17,Legal,Senior Manager,0.622,0.584,0.409
EMP00874,22,16,Marketing,IC1,0.768,0.552,0.667
EMP00875,34,6,Sales,IC2,0.827,0.509,0.561
EMP00876,34,34,Operations,IC3,0.3,0.538,0.495
EMP00877,31,27,Sales,Manager,0.472,0.445,0.508
EMP00878,45,29,Product,Manager,0.585,0.559,0.59
EMP00879,33,21,Engineering,IC1,0.684,0.695,0.549
EMP00880,40,3,Sales,IC3,0.552,0.278,0.446
EMP00881,37,13,Operations,IC2,0.845,0.579,0.459
EMP00882,22,14,Data,IC4,0.795,0.586,0.555
EMP00883,33,51,Data,Manager,0.953,0.68,0.664
EMP00884,40,17,Operations,IC2,0.545,0.565,0.657
EMP00885,38,2,HR,Senior Manager,0.749,0.753,0.455
EMP00886,29,59,Product,IC3,0.822,0.338,0.52
EMP00887,29,20,HR,IC1,0.848,0.94,0.44
EMP00888,29,33,Operations,Senior Manager,0.795,0.485,0.647
EMP00889,34,23,Finance,IC2,0.475,0.521,0.77
EMP00890,39,11,Operations,IC2,0.351,0.919,0.736
EMP00891,32,11,Legal,IC1,0.672,0.473,0.455
EMP00892,27,53,Legal,IC2,0.686,0.678,0.272
EMP00893,26,8,HR,Director,0.766,0.697,0.212
EMP00894,32,8,HR,IC3,0.849,0.482,0.584
EMP00895,22,11,Product,Manager,0.737,0.622,0.552
EMP00896,32,20,Data,IC3,0.544,0.836,0.533
EMP00897,32,5,Engineering,IC2,0.771,0.866,0.474
EMP00898,36,12,Finance,IC1,0.528,0.417,0.783
EMP00899,29,36,Customer Success,IC2,0.375,0.453,0.692
EMP00900,26,17,Data,IC4,0.534,0.363,0.761
EMP00901,37,6,Operations,IC3,0.843,0.87,0.276
EMP00902,35,12,Engineering,Senior Manager,0.631,0.578,0.585
EMP00903,36,11,Product,IC1,0.486,0.916,0.448
EMP00904,42,3,Marketing,IC4,0.704,0.564,0.477
EMP00905,25,17,Data,Manager,0.846,0.764,0.553
EMP00906,30,68,Data,IC3,0.718,0.761,0.659
EMP00907,37,44,Engineering,IC1,0.874,0.693,0.411
EMP00908,24,21,Operations,IC2,0.56,0.534,0.378
EMP00909,51,29,Data,IC2,0.603,0.645,0.397
EMP00910,40,16,Engineering,IC2,0.684,0.302,0.751
EMP00911,44,13,Sales,Senior Manager,0.648,0.775,0.5
EMP00912,34,20,HR,IC2,0.9,0.802,0.432
EMP00913,28,33,Legal,IC2,0.604,0.604,0.558
EMP00914,32,8,HR,IC3,0.812,0.882,0.741
EMP00915,29,13,Operations,IC2,0.571,0.575,0.6
EMP00916,41,61,Sales,Manager,0.576,0.566,0.686
EMP00917,31,19,Data,IC2,0.797,0.339,0.603
EMP00918,43,36,Finance,IC3,0.655,0.734,0.439
EMP00919,36,8,HR,IC3,0.563,0.602,0.633
EMP00920,33,39,Product,IC3,0.917,0.906,0.465
EMP00921,25,5,HR,Manager,0.801,0.772,0.31
EMP00922,35,25,Customer Success,IC2,0.705,0.687,0.697
EMP00923,30,15,Finance,IC1,0.796,0.622,0.31
EMP00924,34,24,Customer Success,IC1,0.433,0.634,0.65
EMP00925,32,16,Customer Success,IC2,0.235,0.373,0.207
EMP00926,35,7,Product,IC3,0.515,0.761,0.548
EMP00927,51,29,Sales,IC1,0.81,0.666,0.523
EMP00928,34,1,Customer Success,Senior Manager,0.707,0.583,0.749
EMP00929,39,6,Finance,Manager,0.655,0.359,0.456
EMP00930,32,8,HR,Manager,0.442,0.623,0.677
EMP00931,45,30,Operations,IC1,0.682,0.697,0.794
EMP00932,24,74,Finance,IC2,0.216,0.607,0.879
EMP00933,23,26,Legal,IC3,0.741,0.752,0.518
EMP00934,40,29,Engineering,IC3,0.622,0.578,0.512
EMP00935,24,53,HR,IC3,0.867,0.77,0.614
EMP00936,33,31,Product,IC4,0.591,0.539,0.507
EMP00937,35,45,Customer Success,IC2,0.361,0.596,0.673
EMP00938,38,26,Operations,IC1,0.677,0.564,0.812
EMP00939,45,26,Customer Success,IC1,0.335,0.645,0.553
EMP00940,37,22,Product,IC4,0.482,0.842,0.593
EMP00941,26,39,Finance,IC3,0.362,0.691,0.405
EMP00942,22,13,Legal,Manager,0.618,0.659,0.73
EMP00943,29,10,Engineering,IC3,0.668,0.612,0.097
EMP00944,27,27,Legal,IC1,0.33,0.28,0.489
EMP00945,42,25,HR,IC1,0.639,0.557,0.676
EMP00946,51,23,Finance,IC4,0.83,0.724,0.536
EMP00947,26,45,Engineering,IC1,0.893,0.745,0.706
EMP00948,29,16,Marketing,IC2,0.803,0.384,0.717
EMP00949,48,40,Legal,IC4,0.696,0.75,0.561
EMP00950,46,22,Customer Success,IC3,0.493,0.584,0.299
EMP00951,37,46,Data,Manager,0.587,0.859,0.418
EMP00952,24,27,HR,IC2,0.644,0.396,0.338
EMP00953,38,14,HR,IC2,0.623,0.819,0.385
EMP00954,34,26,Engineering,Director,0.893,0.63,0.504
EMP00955,31,10,Marketing,IC2,0.673,0.229,0.544
EMP00956,28,22,Operations,IC2,0.912,0.756,0.55
EMP00957,25,23,Legal,IC2,0.507,0.745,0.262
EMP00958,26,42,Sales,IC2,0.452,0.478,0.635
EMP00959,37,40,Operations,Senior Manager,0.63,0.31,0.376
EMP00960,39,11,HR,IC1,0.678,0.5,0.504
EMP00961,42,16,HR,IC4,0.675,0.621,0.571
EMP00962,35,25,Product,IC2,0.766,0.857,0.556
EMP00963,34,28,Engineering,IC3,0.671,0.55,0.711
EMP00964,33,21,Data,IC1,0.89,0.349,0.466
EMP00965,28,11,Marketing,Manager,0.542,0.482,0.738
EMP00966,22,43,Sales,IC4,0.345,0.361,0.898
EMP00967,22,60,Operations,IC4,0.46,0.391,0.655
EMP00968,29,11,Legal,IC2,0.61,0.733,0.409
EMP00969,53,29,Engineering,IC4,0.512,0.532,0.704
EMP00970,35,22,Legal,Manager,0.638,0.505,0.631
EMP00971,29,24,Finance,IC4,0.687,0.765,0.637
EMP00972,36,7,Product,IC2,0.73,0.642,0.815
EMP00973,25,57,Marketing,IC2,0.656,0.667,0.648
EMP00974,22,50,Product,IC2,0.522,0.678,0.624
EMP00975,41,16,HR,Manager,0.626,0.835,0.529
EMP00976,34,12,Product,IC2,0.499,0.892,0.556
EMP00977,37,11,Sales,IC2,0.655,0.856,0.411
EMP00978,34,14,HR,IC1,0.884,0.673,0.632
EMP00979,31,24,Operations,IC2,0.404,0.321,0.709
EMP00980,28,23,Legal,IC1,0.311,0.973,0.3
EMP00981,29,4,Operations,IC4,0.497,0.447,0.806
EMP00982,34,33,Finance,IC2,0.801,0.286,0.443
EMP00983,28,22,HR,IC2,0.567,0.756,0.641
EMP00984,48,25,HR,IC3,0.892,0.789,0.526
EMP00985,27,12,Marketing,IC1,0.929,0.576,0.656
EMP00986,28,25,HR,IC3,0.627,0.728,0.488
EMP00987,30,52,Legal,IC4,0.549,0.466,0.464
EMP00988,30,28,Sales,Manager,0.46,0.675,0.454
EMP00989,34,29,Finance,IC3,0.815,0.49,0.401
EMP00990,33,35,Marketing,IC1,0.637,0.539,0.658
EMP00991,22,12,Data,IC3,0.883,0.802,0.316
EMP00992,42,13,Legal,Director,0.523,0.509,0.306
EMP00993,22,12,Sales,IC3,0.404,0.45,0.472
EMP00994,43,29,Product,IC2,0.934,0.436,0.432
EMP00995,30,39,Operations,IC1,0.675,0.686,0.68
EMP00996,22,31,Finance,IC4,0.808,0.851,0.555
EMP00997,22,33,Customer Success,IC1,0.688,0.406,0.255
EMP00998,47,32,Legal,Manager,0.754,0.414,0.575
EMP00999,26,37,Operations,IC1,0.259,0.506,0.487
EMP01000,37,48,Engineering,IC1,0.801,0.836,0.564
EMP01001,22,10,Operations,IC1,0.712,0.839,0.702
EMP01002,25,22,Operations,IC3,0.672,0.384,0.673
EMP01003,24,16,Data,Manager,0.636,0.744,0.227
EMP01004,26,15,Data,IC2,0.361,0.509,0.635
EMP01005,35,37,HR,IC2,0.845,0.672,0.656
EMP01006,31,15,Sales,IC3,0.394,0.6,0.571
EMP01007,29,10,HR,IC1,0.777,0.629,0.449
EMP01008,39,53,Legal,IC1,0.721,0.733,0.592
EMP01009,22,6,HR,Manager,0.718,0.618,0.298
EMP01010,28,22,Customer Success,IC3,0.753,0.626,0.369
EMP01011,22,16,Customer Success,Director,0.837,0.71,0.451
EMP01012,33,14,Legal,IC2,0.525,0.444,0.691
EMP01013,26,18,Legal,Manager,0.906,0.638,0.686
EMP01014,24,37,Finance,IC3,0.486,0.785,0.561
EMP01015,36,11,HR,IC3,0.707,0.819,0.34
EMP01016,31,18,Customer Success,IC3,0.904,0.435,0.219
EMP01017,31,16,Marketing,Manager,0.99,0.783,0.486
EMP01018,38,33,Marketing,IC3,0.723,0.792,0.622
EMP01019,26,29,Data,IC3,0.462,0.807,0.317
EMP01020,34,12,Finance,IC3,0.544,0.247,0.652
EMP01021,44,45,Marketing,IC2,0.655,0.534,0.828
EMP01022,34,26,Finance,IC4,0.34,0.859,0.522
EMP01023,36,42,Engineering,IC4,0.67,0.948,0.693
EMP01024,40,30,Customer Success,IC4,0.511,0.491,0.68
EMP01025,22,12,HR,IC2,0.821,0.856,0.727
EMP01026,36,35,Finance,IC4,0.716,0.682,0.763
EMP01027,37,23,Finance,Manager,0.463,0.35,0.698
EMP01028,26,16,Sales,IC1,0.692,0.513,0.251
EMP01029,42,27,HR,IC3,0.831,0.624,0.645
EMP01030,31,24,Engineering,IC4,0.787,0.745,0.706
EMP01031,35,22,Sales,IC1,0.535,0.634,0.67
EMP01032,38,29,Legal,IC3,0.513,0.709,0.459
EMP01033,36,42,Data,IC3,0.78,0.831,0.396
EMP01034,30,11,Customer Success,IC2,0.534,0.616,0.256
EMP01035,42,12,Product,IC1,0.865,0.868,0.689
EMP01036,31,33,HR,IC2,0.61,0.48,0.715
EMP01037,31,24,Product,IC2,0.589,0.697,0.456
EMP01038,25,57,Legal,IC2,0.53,0.63,0.755
EMP01039,37,19,HR,IC2,0.832,0.827,0.721
EMP01040,54,33,Engineering,IC2,0.325,0.696,0.442
EMP01041,42,18,Sales,IC2,0.491,0.812,0.638
EMP01042,28,22,Finance,IC4,0.503,0.838,0.451
EMP01043,33,10,Sales,IC1,0.686,0.823,0.481
EMP01044,41,52,Product,IC1,0.958,0.506,0.435
EMP01045,35,14,HR,IC1,0.765,0.673,0.161
EMP01046,32,12,Operations,IC4,0.715,0.433,0.876
EMP01047,40,11,Customer Success,Director,0.87,0.717,0.177
EMP01048,33,31,Data,Director,0.559,0.35,0.298
EMP01049,46,14,Finance,IC1,0.304,0.783,0.575
EMP01050,48,24,Product,IC1,0.54,0.727,0.372
EMP01051,46,28,Customer Success,Manager,0.562,0.917,0.662
EMP01052,24,34,Legal,IC2,0.509,0.807,0.679
EMP01053,39,16,Finance,IC4,0.708,0.498,0.38
EMP01054,22,80,Customer Success,Manager,0.297,0.58,0.786
EMP01055,29,18,HR,Manager,0.662,0.857,0.619
EMP01056,45,41,Legal,IC4,0.381,0.626,0.79
EMP01057,38,36,Engineering,IC2,0.461,0.54,0.642
EMP01058,36,20,Data,IC1,0.683,0.693,0.742
EMP01059,35,37,Product,IC4,0.827,0.723,0.577
EMP01060,39,38,Marketing,IC2,0.407,0.846,0.441
EMP01061,30,21,Operations,IC3,0.97,0.622,0.546
EMP01062,31,54,Marketing,IC4,0.426,0.33,0.239
EMP01063,36,17,Product,IC3,0.535,0.25,0.818
EMP01064,27,4,Finance,IC4,0.594,0.789,0.724
EMP01065,27,12,Product,IC3,0.553,0.628,0.47
EMP01066,30,35,Product,IC2,0.726,0.757,0.597
EMP01067,22,22,HR,Director,0.436,0.874,0.236
EMP01068,33,23,Sales,IC4,0.521,0.661,0.688
EMP01069,23,30,Operations,Senior Manager,0.83,0.697,0.611
EMP01070,26,11,Engineering,Director,0.831,0.798,0.563
EMP01071,38,22,Engineering,IC2,0.664,0.411,0.407
EMP01072,31,47,Customer Success,IC3,0.783,0.544,0.553
EMP01073,35,17,Engineering,IC2,0.475,0.686,0.43
EMP01074,31,19,Operations,IC1,0.332,0.452,0.612
EMP01075,40,43,Customer Success,IC1,0.517,0.64,0.642
EMP01076,34,22,Customer Success,Manager,0.462,0.393,0.689
EMP01077,45,43,Finance,IC1,0.7,0.526,0.39
EMP01078,28,31,Sales,Senior Manager,0.767,0.442,0.617
EMP01079,42,38,Marketing,IC3,0.352,0.579,0.675
EMP01080,30,21,Legal,IC1,0.36,0.844,0.501
EMP01081,22,19,Finance,IC2,0.763,0.611,0.516
EMP01082,32,25,Data,IC1,0.732,0.844,0.451
EMP01083,25,18,Sales,IC2,0.421,0.893,0.605
EMP01084,33,34,Sales,IC3,0.552,0.452,0.806
EMP01085,31,21,Sales,IC2,0.519,0.8,0.473
EMP01086,25,9,Product,IC3,0.463,0.604,0.539
EMP01087,31,21,Data,IC1,0.552,0.797,0.569
EMP01088,37,35,Finance,IC3,0.563,0.837,0.65
EMP01089,25,29,Data,IC3,0.71,0.521,0.805
EMP01090,29,18,Marketing,IC1,0.742,0.613,0.297
EMP01091,22,13,HR,Manager,0.712,0.742,0.75
EMP01092,26,32,Data,IC4,0.578,0.959,0.341
EMP01093,44,48,Sales,Director,0.638,0.443,0.341
EMP01094,39,14,Marketing,Manager,0.639,0.747,0.4
EMP01095,43,17,HR,Senior Manager,0.718,0.656,0.39
EMP01096,45,19,Operations,IC1,0.411,0.714,0.313
EMP01097,41,9,HR,IC2,0.635,0.354,0.319
EMP01098,37,12,Operations,IC2,0.613,0.209,0.551
EMP01099,47,6,Engineering,IC4,0.512,0.919,0.766
EMP01100,29,9,HR,IC2,0.4,0.761,0.564
EMP01101,44,5,Operations,Senior Manager,0.885,0.604,0.553
EMP01102,31,5,Legal,IC1,0.696,0.811,0.491
EMP01103,22,16,Sales,IC2,0.72,0.503,0.429
EMP01104,31,8,Product,IC2,0.809,0.362,0.474
EMP01105,30,17,HR,Manager,0.666,0.812,0.541
EMP01106,27,9,Customer Success,IC3,0.781,0.628,0.784
EMP01107,35,37,Data,IC4,0.504,0.732,0.704
EMP01108,32,36,Operations,IC2,0.655,0.875,0.677
EMP01109,41,40,Finance,IC2,0.546,0.764,0.789
EMP01110,41,11,Operations,IC3,0.432,0.69,0.655
EMP01111,41,17,HR,IC4,0.714,0.442,0.405
EMP01112,44,32,Operations,IC1,0.732,0.578,0.305
EMP01113,25,10,Marketing,IC4,0.614,0.389,0.605
EMP01114,26,20,Finance,IC3,0.571,0.74,0.704
EMP01115,35,15,HR,IC3,0.751,0.945,0.72
EMP01116,24,7,Product,IC1,0.545,0.755,0.667
EMP01117,25,42,Marketing,IC4,0.737,0.343,0.306
EMP01118,29,31,Finance,IC4,0.479,0.565,0.442
EMP01119,44,48,Data,Manager,0.691,0.833,0.644
EMP01120,42,39,Customer Success,IC3,0.808,0.492,0.651
EMP01121,24,17,Data,IC1,0.785,0.741,0.418
EMP01122,41,12,Operations,IC1,0.747,0.607,0.881
EMP01123,45,14,Operations,IC1,0.681,0.248,0.497
EMP01124,34,15,Engineering,IC1,0.534,0.522,0.608
EMP01125,27,23,Finance,IC1,0.707,0.236,0.748
EMP01126,43,24,Operations,IC3,0.329,0.467,0.504
EMP01127,46,21,Engineering,IC1,0.604,0.737,0.66
EMP01128,30,22,Data,IC2,0.569,0.703,0.777
EMP01129,22,24,Engineering,IC2,0.653,0.762,0.609
EMP01130,22,18,Data,IC1,0.411,0.649,0.708
EMP01131,27,7,HR,Senior Manager,0.672,0.752,0.493
EMP01132,33,18,Operations,IC2,0.221,0.806,0.521
EMP01133,30,7,Marketing,Director,0.594,0.745,0.866
EMP01134,34,11,Data,IC1,0.661,0.843,0.639
EMP01135,37,4,Customer Success,IC2,0.694,0.706,0.472
EMP01136,39,21,Marketing,IC3,0.748,0.546,0.665
EMP01137,34,24,Marketing,Manager,0.653,0.282,0.312
EMP01138,32,29,Data,IC4,0.772,0.568,0.74
EMP01139,33,17,Operations,IC2,0.765,0.773,0.537
EMP01140,40,31,Sales,Manager,0.495,0.399,0.763
EMP01141,37,13,Product,IC1,0.567,0.66,0.572
EMP01142,31,62,Engineering,IC1,0.678,0.545,0.401
EMP01143,39,10,Operations,IC1,0.686,0.235,0.528
EMP01144,41,26,HR,IC4,0.279,0.832,0.691
EMP01145,23,18,Engineering,IC1,0.577,0.88,0.44
EMP01146,37,41,Data,Director,0.801,0.445,0.645
EMP01147,33,35,Customer Success,Senior Manager,0.621,0.681,0.729
EMP01148,30,12,Sales,IC2,0.551,0.548,0.813
EMP01149,30,15,Product,IC4,0.351,0.668,0.781
EMP01150,24,12,Operations,IC2,0.864,0.457,0.248
EMP01151,28,21,Customer Success,IC4,0.37,0.604,0.344
EMP01152,43,40,Finance,IC2,0.763,0.692,0.731
EMP01153,27,20,Sales,IC1,0.64,0.487,0.316
EMP01154,28,14,Marketing,Manager,0.302,0.374,0.31
EMP01155,48,34,Sales,IC3,0.468,0.809,0.465
EMP01156,34,14,Legal,Senior Manager,0.455,0.529,0.568
EMP01157,23,11,Customer Success,Director,0.726,0.63,0.444
EMP01158,35,15,Legal,Manager,0.357,0.687,0.507
EMP01159,30,10,Legal,IC3,0.443,0.31,0.374
EMP01160,36,37,Operations,IC1,0.522,0.533,0.449
EMP01161,34,16,Sales,Manager,0.835,0.748,0.66
EMP01162,37,40,Operations,IC1,0.505,0.695,0.5
EMP01163,23,18,HR,IC3,0.598,0.325,0.452
EMP01164,35,28,Operations,IC3,0.242,0.624,0.371
EMP01165,29,12,Customer Success,Senior Manager,0.763,0.708,0.207
EMP01166,32,20,Product,IC1,0.503,0.468,0.715
EMP01167,41,10,HR,IC3,0.337,0.541,0.406
EMP01168,26,33,Product,IC2,0.781,0.818,0.777
EMP01169,37,16,Sales,IC3,0.605,0.489,0.572
EMP01170,33,17,Marketing,IC3,0.85,0.601,0.538
EMP01171,37,15,Finance,IC2,0.604,0.739,0.617
EMP01172,23,20,Legal,IC1,0.617,0.886,0.371
EMP01173,33,19,Customer Success,IC4,0.791,0.678,0.617
EMP01174,24,34,Product,IC4,0.679,0.688,0.682
EMP01175,32,4,Finance,IC1,0.83,0.69,0.444
EMP01176,37,10,Engineering,IC1,0.811,0.671,0.775
EMP01177,43,16,Operations,IC3,0.726,0.628,0.415
EMP01178,34,16,Legal,IC1,0.811,0.654,0.632
EMP01179,36,31,Product,IC3,0.932,0.636,0.775
EMP01180,30,46,HR,IC2,0.819,0.943,0.402
EMP01181,37,10,Customer Success,IC3,0.823,0.531,0.782
EMP01182,33,20,Operations,IC2,0.688,0.75,0.666
EMP01183,29,27,Data,IC3,0.57,0.586,0.666
EMP01184,30,7,Finance,IC1,0.685,0.807,0.661
EMP01185,31,13,Customer Success,IC1,0.663,0.386,0.401
EMP01186,29,48,Product,IC4,0.691,0.726,0.756
EMP01187,22,21,Marketing,IC2,0.716,0.743,0.689
EMP01188,42,13,HR,IC2,0.84,0.669,0.552
EMP01189,35,20,Engineering,IC2,0.879,0.793,0.321
EMP01190,27,15,Data,Manager,0.517,0.885,0.622
EMP01191,22,17,Legal,Director,0.542,0.55,0.785
EMP01192,45,16,Customer Success,Manager,0.679,0.666,0.603
EMP01193,27,13,Data,IC3,0.465,0.621,0.315
EMP01194,34,12,Marketing,IC2,0.33,0.78,0.567
EMP01195,32,13,Product,IC1,0.32,0.769,0.499
EMP01196,34,21,HR,IC1,0.486,0.536,0.59
EMP01197,51,41,Operations,IC3,0.777,0.57,0.588
EMP01198,22,24,Finance,IC2,0.571,0.806,0.302
EMP01199,29,49,Product,IC4,0.553,0.417,0.392
EMP01200,37,27,Sales,IC4,0.395,0.544,0.65
EMP01201,22,25,Engineering,IC3,0.732,0.788,0.794
EMP01202,38,25,Engineering,IC1,0.79,0.711,0.782
EMP01203,22,10,Operations,IC2,0.634,0.775,0.605
EMP01204,27,22,HR,IC3,0.42,0.375,0.53
EMP01205,33,14,Product,Director,0.615,0.923,0.309
EMP01206,29,17,Product,IC1,0.465,0.405,0.876
EMP01207,37,10,Marketing,IC2,0.633,0.764,0.417
EMP01208,28,35,Legal,IC3,0.322,0.732,0.737
EMP01209,34,37,Sales,IC3,0.367,0.762,0.661
EMP01210,37,18,Finance,IC4,0.509,0.61,0.224
EMP01211,22,9,HR,IC2,0.647,0.37,0.529
EMP01212,30,47,Customer Success,IC4,0.481,0.561,0.703
EMP01213,31,4,Legal,IC1,0.541,0.592,0.772
EMP01214,22,4,Finance,IC3,0.642,0.844,0.28
EMP01215,27,23,Data,IC2,0.406,0.759,0.751
EMP01216,41,13,Sales,IC2,0.5,0.804,0.433
EMP01217,33,27,Finance,IC1,0.71,0.665,0.35
EMP01218,34,39,Product,IC1,0.454,0.539,0.607
EMP01219,25,52,HR,IC2,0.495,0.586,0.424
EMP01220,38,37,Data,Manager,0.8,0.642,0.547
EMP01221,32,10,Finance,IC1,0.363,0.679,0.514
EMP01222,28,27,Operations,IC4,0.738,0.776,0.463
EMP01223,43,27,Engineering,IC4,0.343,0.513,0.675
EMP01224,22,6,Customer Success,Senior Manager,0.653,0.667,0.533
EMP01225,33,22,Marketing,IC2,0.463,0.779,0.584
EMP01226,53,23,HR,IC1,0.493,0.595,0.731
EMP01227,29,7,HR,Manager,0.531,0.626,0.294
EMP01228,43,23,Marketing,IC3,0.758,0.583,0.355
EMP01229,40,10,Customer Success,IC3,0.699,0.64,0.818
EMP01230,39,15,Product,Manager,0.783,0.603,0.39
EMP01231,37,15,Customer Success,Director,0.264,0.532,0.564
EMP01232,22,24,Legal,IC3,0.522,0.299,0.672
EMP01233,35,25,Customer Success,Senior Manager,0.815,0.772,0.715
EMP01234,30,43,Engineering,Manager,0.41,0.687,0.256
EMP01235,36,9,Finance,IC2,0.3,0.45,0.613
EMP01236,31,21,Operations,Manager,0.341,0.807,0.343
EMP01237,22,21,Marketing,IC1,0.366,0.631,0.264
EMP01238,34,25,Product,Senior Manager,0.771,0.605,0.272
EMP01239,41,22,HR,IC1,0.718,0.588,0.449
EMP01240,28,10,Product,IC4,0.888,0.613,0.405
EMP01241,22,18,Marketing,IC2,0.636,0.729,0.338
EMP01242,27,12,Data,IC3,0.674,0.571,0.585
EMP01243,26,16,Engineering,IC1,0.473,0.449,0.441
EMP01244,22,12,Engineering,IC1,0.586,0.615,0.573
EMP01245,32,31,Customer Success,IC1,0.177,0.517,0.167
EMP01246,26,17,Marketing,IC1,0.655,0.657,0.447
EMP01247,30,21,Sales,IC2,0.777,0.383,0.428
EMP01248,48,15,Data,IC1,0.72,0.701,0.624
EMP01249,28,44,Marketing,IC3,0.721,0.512,0.623
EMP01250,29,27,Product,IC3,0.885,0.386,0.425
EMP01251,32,11,Legal,IC3,0.601,0.616,0.666
EMP01252,40,39,Marketing,Manager,0.523,0.542,0.371
EMP01253,34,12,Data,Senior Manager,0.777,0.576,0.471
EMP01254,45,15,Marketing,Manager,0.676,0.812,0.474
EMP01255,39,25,Marketing,IC4,0.751,0.88,0.336
EMP01256,37,3,Customer Success,IC2,0.869,0.672,0.645
EMP01257,35,40,Sales,IC2,0.729,0.446,0.575
EMP01258,33,19,Data,IC1,0.788,0.595,0.367
EMP01259,33,5,Engineering,IC1,0.707,0.602,0.593
EMP01260,36,9,Operations,IC1,0.643,0.571,0.595
EMP01261,32,18,Sales,IC3,0.653,0.863,0.688
EMP01262,24,7,Sales,IC3,0.52,0.565,0.701
EMP01263,44,21,Legal,IC3,0.708,0.775,0.753
EMP01264,22,53,Operations,IC2,0.423,0.752,0.46
EMP01265,23,31,Sales,IC1,0.467,0.772,0.714
EMP01266,27,14,Product,Director,0.535,0.694,0.346
EMP01267,40,26,Engineering,IC4,0.934,0.989,0.706
EMP01268,35,35,Sales,IC3,0.649,0.385,0.775
EMP01269,40,68,Engineering,IC1,0.5,0.565,0.596
EMP01270,25,13,Customer Success,IC3,0.544,0.715,0.434
EMP01271,31,29,Marketing,IC2,0.469,0.946,0.523
EMP01272,31,23,Data,IC2,0.641,0.561,0.458
EMP01273,32,35,Customer Success,Senior Manager,0.65,0.674,0.643
EMP01274,30,17,Engineering,IC3,0.69,0.556,0.578
EMP01275,22,26,Sales,IC1,0.627,0.546,0.697
EMP01276,24,11,Operations,IC3,0.243,0.445,0.827
EMP01277,46,12,Engineering,IC4,0.823,0.78,0.589
EMP01278,29,13,Sales,Manager,0.713,0.581,0.591
EMP01279,28,7,Finance,IC1,0.598,0.519,0.525
EMP01280,41,21,Legal,IC4,0.568,0.871,0.264
EMP01281,22,22,Product,IC3,0.626,0.259,0.335
EMP01282,28,19,Product,IC4,0.543,0.561,0.462
EMP01283,25,15,HR,Director,0.581,0.79,0.722
EMP01284,41,14,HR,IC4,0.799,0.523,0.362
EMP01285,29,19,Customer Success,IC1,0.44,0.901,0.375
EMP01286,36,25,Legal,IC4,0.646,0.653,0.865
EMP01287,39,21,Data,IC1,0.576,0.536,0.557
EMP01288,24,5,Product,IC1,0.521,0.572,0.664
EMP01289,39,40,HR,IC2,0.532,0.712,0.664
EMP01290,31,26,Legal,IC2,0.879,0.794,0.339
EMP01291,38,21,Marketing,IC2,0.759,0.812,0.65
EMP01292,37,16,Data,IC2,0.584,0.494,0.733
EMP01293,36,31,Engineering,IC1,0.87,0.871,0.912
EMP01294,32,26,Legal,IC1,0.782,0.536,0.857
EMP01295,27,8,Operations,IC3,0.604,0.688,0.709
EMP01296,22,26,HR,IC2,0.292,0.724,0.477
EMP01297,31,57,Engineering,IC4,0.587,0.593,0.58
EMP01298,26,31,Engineering,IC1,0.431,0.909,0.675
EMP01299,42,14,HR,IC4,0.786,0.629,0.49
EMP01300,32,36,Finance,IC1,0.627,0.683,0.77
EMP01301,29,34,Finance,IC2,0.269,0.341,0.335
EMP01302,27,59,Product,IC3,0.783,0.747,0.474
EMP01303,38,6,HR,IC4,0.463,0.941,0.539
EMP01304,43,13,HR,IC4,0.561,0.569,0.827
EMP01305,29,42,Product,IC1,0.624,0.794,0.395
EMP01306,27,14,Product,IC4,0.433,0.766,0.706
EMP01307,36,51,Customer Success,IC4,0.543,0.763,0.504
EMP01308,29,43,Data,IC2,0.774,0.654,0.518
EMP01309,44,28,Sales,Manager,0.718,0.617,0.68
EMP01310,25,12,Product,IC4,0.682,0.644,0.572
EMP01311,29,19,Sales,IC4,0.733,0.618,0.303
EMP01312,27,60,Operations,IC1,0.507,0.409,0.804
EMP01313,40,26,Data,IC2,0.558,0.872,0.698
EMP01314,22,9,Data,IC3,0.353,0.583,0.525
EMP01315,32,17,Legal,IC1,0.773,0.732,0.903
EMP01316,30,9,Customer Success,IC3,0.697,0.624,0.752
EMP01317,28,11,Finance,IC1,0.541,0.615,0.642
EMP01318,32,31,Data,IC1,0.556,0.687,0.606
EMP01319,34,16,Legal,IC4,0.815,0.611,0.563
EMP01320,32,15,Operations,IC4,0.483,0.42,0.537
EMP01321,33,29,HR,IC3,0.555,0.607,0.603
EMP01322,29,14,Legal,IC3,0.522,0.483,0.313
EMP01323,26,40,Data,IC1,0.544,0.52,0.526
EMP01324,26,3,Finance,Senior Manager,0.699,0.89,0.6
EMP01325,45,29,Product,IC1,0.556,0.528,0.817
EMP01326,32,12,Product,Manager,0.405,0.44,0.692
EMP01327,41,39,Legal,IC1,0.78,0.695,0.522
EMP01328,22,15,Marketing,IC3,0.753,0.675,0.482
EMP01329,22,31,Finance,IC3,0.505,0.656,0.419
EMP01330,22,19,HR,IC2,0.749,0.744,0.707
EMP01331,32,70,Marketing,IC4,0.202,0.606,0.35
EMP01332,27,47,Finance,IC2,0.49,0.491,0.153
EMP01333,34,24,Customer Success,IC1,0.387,0.547,0.736
EMP01334,26,35,HR,IC2,0.33,0.491,0.454
EMP01335,24,34,Finance,IC3,0.589,0.576,0.616
EMP01336,33,26,Finance,IC1,0.741,0.621,0.516
EMP01337,30,9,Product,Manager,0.776,0.53,0.417
EMP01338,54,26,Customer Success,IC2,0.631,0.703,0.233
EMP01339,27,17,Finance,IC3,0.701,0.754,0.605
EMP01340,29,9,Customer Success,IC1,0.27,0.542,0.797
EMP01341,43,38,Operations,Manager,0.55,0.641,0.526
EMP01342,35,17,Customer Success,Director,0.778,0.644,0.602
EMP01343,33,38,Sales,IC3,0.634,0.698,0.365
EMP01344,33,26,HR,IC1,0.755,0.884,0.727
EMP01345,39,13,Product,IC3,0.338,0.793,0.635
EMP01346,29,26,Product,Director,0.658,0.684,0.472
EMP01347,38,10,Product,IC1,0.722,0.625,0.717
EMP01348,29,82,Product,Manager,0.494,0.696,0.702
EMP01349,25,5,Finance,IC4,0.732,0.473,0.655
EMP01350,31,4,Product,IC2,0.881,0.53,0.547
EMP01351,22,24,Customer Success,IC2,0.662,0.684,0.698
EMP01352,51,24,Sales,IC2,0.811,0.488,0.694
EMP01353,37,6,Legal,IC1,0.474,0.556,0.533
EMP01354,39,36,Engineering,IC4,0.532,0.624,0.528
EMP01355,22,14,Data,IC1,0.661,0.561,0.825
EMP01356,25,33,Legal,IC1,0.695,0.803,0.573
EMP01357,28,19,Legal,IC2,0.567,0.829,0.604
EMP01358,45,64,Customer Success,IC3,0.754,0.598,0.54
EMP01359,45,35,Product,IC3,0.51,0.467,0.527
EMP01360,29,5,Finance,Manager,0.902,0.796,0.703
EMP01361,41,16,Customer Success,Manager,0.745,0.557,0.539
EMP01362,39,36,Finance,IC1,0.274,0.459,0.358
EMP01363,36,29,Engineering,IC1,0.647,0.699,0.543
EMP01364,29,12,Operations,IC1,0.587,0.807,0.512
EMP01365,37,34,Data,IC1,0.612,0.439,0.34
EMP01366,29,10,Operations,IC1,0.619,0.205,0.504
EMP01367,27,19,Customer Success,IC1,0.583,0.729,0.28
EMP01368,37,12,Product,IC2,0.872,0.519,0.718
EMP01369,36,3,Data,IC4,0.839,0.674,0.462
EMP01370,33,23,Legal,IC3,0.675,0.538,0.64
EMP01371,27,38,Marketing,IC1,0.743,0.705,0.341
EMP01372,34,7,Sales,IC3,0.651,0.701,0.254
EMP01373,39,23,HR,IC1,0.516,0.624,0.63
EMP01374,27,29,Marketing,Director,0.4,0.326,0.651
EMP01375,41,70,Product,IC2,0.9,0.473,0.648
EMP01376,32,33,Customer Success,IC3,0.49,0.854,0.446
EMP01377,32,6,Legal,IC2,0.32,0.623,0.519
EMP01378,24,14,Customer Success,IC1,0.317,0.744,0.541
EMP01379,36,11,Product,IC4,0.864,0.85,0.353
EMP01380,34,19,Operations,Manager,0.767,0.631,0.732
EMP01381,27,16,Data,IC4,0.722,0.602,0.515
EMP01382,37,8,Marketing,IC1,0.663,0.795,0.72
EMP01383,26,33,Finance,IC2,0.541,0.749,0.686
EMP01384,37,3,Legal,IC1,0.863,0.66,0.29
EMP01385,22,24,Data,IC3,0.844,0.695,0.789
EMP01386,22,18,Data,IC1,0.639,0.515,0.426
EMP01387,22,68,Legal,IC1,0.484,0.815,0.582
EMP01388,29,14,Engineering,IC3,0.907,0.72,0.248
EMP01389,37,23,Data,IC4,0.781,0.412,0.596
EMP01390,25,22,Operations,IC3,0.61,0.8,0.612
EMP01391,45,6,Engineering,Director,0.634,0.551,0.304
EMP01392,27,10,Sales,Senior Manager,0.726,0.789,0.295
EMP01393,46,11,Operations,IC2,0.428,0.725,0.843
EMP01394,22,10,Operations,IC2,0.682,0.41,0.517
EMP01395,38,39,Customer Success,IC3,0.751,0.722,0.691
EMP01396,32,9,Customer Success,IC2,0.79,0.632,0.109
EMP01397,23,19,Engineering,IC2,0.753,0.559,0.26
EMP01398,22,12,Sales,IC4,0.653,0.799,0.688
EMP01399,34,18,Sales,IC3,0.848,0.696,0.824
EMP01400,39,53,Data,IC1,0.694,0.628,0.609
EMP01401,37,46,Finance,IC1,0.686,0.84,0.597
EMP01402,30,19,Product,Director,0.774,0.705,0.556
EMP01403,30,37,Sales,Manager,0.632,0.358,0.484
EMP01404,25,9,Engineering,IC1,0.869,0.808,0.304
EMP01405,30,46,Product,IC4,0.831,0.669,0.584
EMP01406,39,21,Legal,IC1,0.471,0.667,0.517
EMP01407,31,8,Marketing,IC2,0.574,0.624,0.392
EMP01408,25,5,Finance,IC2,0.694,0.562,0.388
EMP01409,33,45,Finance,IC3,0.457,0.593,0.678
EMP01410,40,13,HR,IC1,0.47,0.708,0.852
EMP01411,24,27,Customer Success,Manager,0.704,0.524,0.506
EMP01412,35,41,Sales,IC2,0.44,0.633,0.773
EMP01413,29,41,Customer Success,IC2,0.387,0.765,0.427
EMP01414,22,8,Operations,IC2,0.762,0.765,0.63
EMP01415,22,11,Customer Success,IC2,0.479,0.867,0.396
EMP01416,23,11,Data,IC3,0.583,0.355,0.701
EMP01417,31,6,Data,IC4,0.834,0.634,0.607
EMP01418,25,30,Product,IC2,0.752,0.545,0.593
EMP01419,45,24,Engineering,Manager,0.763,0.713,0.404
EMP01420,22,21,Sales,IC1,0.831,0.452,0.666
EMP01421,25,24,Sales,IC2,0.656,0.797,0.793
EMP01422,22,27,Data,IC4,0.712,0.636,0.407
EMP01423,22,31,Engineering,IC2,0.677,0.451,0.432
EMP01424,32,17,Product,IC1,0.863,0.605,0.691
EMP01425,26,38,Operations,IC1,0.944,0.465,0.675
EMP01426,37,21,HR,IC3,0.758,0.298,0.439
EMP01427,30,18,Finance,IC2,0.446,0.235,0.727
EMP01428,28,14,HR,IC1,0.295,0.523,0.501
EMP01429,34,26,Data,IC4,0.574,0.731,0.623
EMP01430,33,23,HR,IC2,0.688,0.518,0.661
EMP01431,33,32,Finance,Manager,0.256,0.593,0.62
EMP01432,42,9,Operations,IC1,0.433,0.757,0.493
EMP01433,45,19,Marketing,IC4,0.639,0.545,0.37
EMP01434,28,30,Legal,Director,0.869,0.843,0.742
EMP01435,25,15,Product,IC2,0.716,0.536,0.811
EMP01436,39,30,Customer Success,IC3,0.537,0.503,0.7
EMP01437,22,61,Finance,IC3,0.457,0.623,0.46
EMP01438,31,50,Product,IC2,0.459,0.669,0.602
EMP01439,22,16,Operations,IC4,0.65,0.701,0.719
EMP01440,42,16,Data,IC3,0.682,0.542,0.617
EMP01441,36,14,HR,IC2,0.215,0.517,0.44
EMP01442,42,24,Legal,IC2,0.445,0.768,0.664
EMP01443,22,32,Operations,IC2,0.693,0.589,0.604
EMP01444,36,17,Engineering,Manager,0.821,0.387,0.87
EMP01445,22,50,Marketing,IC2,0.7,0.723,0.531
EMP01446,22,24,Finance,IC1,0.892,0.399,0.477
EMP01447,22,6,Data,IC2,0.732,0.429,0.773
EMP01448,30,17,Engineering,IC2,0.681,0.414,0.666
EMP01449,30,41,Engineering,IC3,0.519,0.703,0.781
EMP01450,29,25,Marketing,IC1,0.53,0.508,0.668
EMP01451,22,8,Operations,IC4,0.688,0.694,0.526
EMP01452,36,24,Marketing,IC1,0.749,0.528,0.686
EMP01453,33,18,Sales,IC2,0.583,0.598,0.656
EMP01454,32,33,Operations,IC1,0.659,0.711,0.656
EMP01455,23,27,Operations,IC3,0.682,0.795,0.738
EMP01456,22,19,Customer Success,IC4,0.507,0.744,0.675
EMP01457,36,51,Product,IC2,0.663,0.721,0.611
EMP01458,31,32,Engineering,IC4,0.465,0.709,0.529
EMP01459,28,29,HR,IC1,0.539,0.616,0.86
EMP01460,29,15,Finance,Manager,0.832,0.683,0.564
EMP01461,45,38,Sales,IC2,0.56,0.592,0.691
EMP01462,42,37,Sales,IC2,0.776,0.721,0.334
EMP01463,23,9,Finance,IC3,0.675,0.798,0.818
EMP01464,27,13,Legal,IC3,0.824,0.243,0.58
EMP01465,44,11,Marketing,IC1,0.801,0.675,0.914
EMP01466,23,47,Legal,IC4,0.384,0.596,0.654
EMP01467,33,28,Legal,IC3,0.72,0.404,0.412
EMP01468,28,11,Customer Success,IC3,0.768,0.533,0.562
EMP01469,31,8,Product,IC3,0.411,0.531,0.805
EMP01470,44,8,Finance,IC2,0.784,0.644,0.536
EMP01471,46,11,Engineering,IC2,0.543,0.503,0.557
EMP01472,41,25,Finance,IC1,0.707,0.547,0.585
EMP01473,43,40,Engineering,IC3,0.38,0.889,0.498
EMP01474,28,6,HR,IC3,0.773,0.632,0.667
EMP01475,36,31,Product,IC1,0.692,0.557,0.49
EMP01476,38,30,Customer Success,Manager,0.682,0.639,0.343
EMP01477,47,21,Data,IC1,0.581,0.607,0.653
EMP01478,45,32,Finance,IC4,0.757,0.71,0.526
EMP01479,30,22,Data,IC4,0.623,0.628,0.46
EMP01480,33,26,Finance,IC3,0.716,0.521,0.769
EMP01481,44,10,Finance,IC2,0.496,0.634,0.56
EMP01482,33,23,Operations,IC1,0.579,0.786,0.758
EMP01483,23,8,Product,IC2,0.468,0.812,0.513
EMP01484,32,5,Finance,IC1,0.542,0.61,0.704
EMP01485,30,42,Engineering,IC2,0.712,0.798,0.459
EMP01486,22,17,Customer Success,IC4,0.841,0.587,0.409
EMP01487,40,41,Sales,IC2,0.489,0.745,0.457
EMP01488,33,10,Data,IC4,0.717,0.876,0.399
EMP01489,33,1,HR,Manager,0.572,0.753,0.669
EMP01490,22,43,Customer Success,IC1,0.84,0.4,0.642
EMP01491,43,19,Product,Manager,0.317,0.84,0.525
EMP01492,31,13,Finance,IC1,0.781,0.425,0.718
EMP01493,43,16,Product,IC3,0.649,0.277,0.457
EMP01494,43,27,Marketing,IC1,0.829,0.619,0.345
EMP01495,33,12,Finance,IC1,0.726,0.847,0.696
EMP01496,33,30,Data,IC4,0.498,0.365,0.668
EMP01497,27,16,Finance,IC1,0.77,0.718,0.504
EMP01498,34,5,Legal,IC4,0.774,0.725,0.628
EMP01499,37,6,Product,IC2,0.717,0.553,0.49
EMP01500,40,18,Finance,Senior Manager,0.777,0.795,0.368
EMP01501,22,26,Operations,IC2,0.56,0.451,0.736
EMP01502,25,22,Customer Success,IC3,0.588,0.785,0.54
EMP01503,33,34,Marketing,Manager,0.807,0.485,0.384
EMP01504,29,17,Customer Success,IC3,0.523,0.492,0.574
EMP01505,29,19,Sales,IC2,0.614,0.495,0.721
EMP01506,24,17,Product,Director,0.783,0.825,0.762
EMP01507,22,6,Legal,IC1,0.464,0.389,0.632
EMP01508,22,34,Product,Senior Manager,0.705,0.124,0.202
EMP01509,22,37,Legal,IC4,0.793,0.438,0.364
EMP01510,34,23,Legal,IC2,0.499,0.779,0.681
EMP01511,32,14,Marketing,IC2,0.619,0.584,0.391
EMP01512,35,29,Customer Success,IC3,0.593,0.234,0.591
EMP01513,23,35,Customer Success,IC1,0.781,0.719,0.583
EMP01514,33,44,Sales,IC1,0.645,0.735,0.72
EMP01515,27,6,Marketing,IC2,0.61,0.576,0.381
EMP01516,42,5,Product,IC1,0.376,0.783,0.57
EMP01517,36,9,Sales,Senior Manager,0.435,0.648,0.775
EMP01518,32,10,Operations,IC3,0.394,0.77,0.377
EMP01519,40,3,Marketing,Manager,0.78,0.608,0.541
EMP01520,31,65,Sales,IC2,0.518,0.698,0.943
EMP01521,32,25,Data,IC3,0.57,0.703,0.615
EMP01522,36,38,Sales,IC1,0.753,0.705,0.326
EMP01523,30,17,Product,IC2,0.613,0.735,0.639
EMP01524,39,18,Sales,Manager,0.558,0.501,0.325
EMP01525,40,60,HR,Senior Manager,0.515,0.681,0.569
EMP01526,31,15,HR,IC1,0.287,0.712,0.535
EMP01527,23,15,Data,IC4,0.632,0.792,0.271
EMP01528,29,20,Data,IC3,0.706,0.683,0.71
EMP01529,35,34,HR,Director,0.897,0.709,0.432
EMP01530,27,22,Data,IC1,0.74,0.862,0.621
EMP01531,22,30,Data,IC3,0.772,0.794,0.495
EMP01532,33,31,Customer Success,IC1,0.737,0.872,0.685
EMP01533,22,19,Customer Success,IC2,0.806,0.574,0.75
EMP01534,39,10,Sales,IC2,0.856,0.504,0.399
EMP01535,29,13,HR,IC2,0.5,0.539,0.408
EMP01536,44,13,Product,IC3,0.86,0.59,0.48
EMP01537,41,10,HR,IC3,0.738,0.425,0.482
EMP01538,44,14,HR,IC1,0.48,0.403,0.635
EMP01539,22,26,Operations,IC1,0.275,0.859,0.444
EMP01540,39,22,Operations,IC2,0.553,0.855,0.658
EMP01541,23,17,Data,IC2,0.588,0.701,0.571
EMP01542,34,16,Engineering,IC2,0.51,0.478,0.337
EMP01543,31,33,Customer Success,IC3,0.706,0.484,0.317
EMP01544,30,17,Legal,IC4,0.295,0.899,0.447
EMP01545,33,17,Product,IC2,0.737,0.598,0.521
EMP01546,23,19,Operations,IC1,0.337,0.721,0.39
EMP01547,32,25,HR,Manager,0.762,0.83,0.445
EMP01548,22,23,HR,IC1,0.609,0.383,0.591
EMP01549,23,30,Engineering,IC1,0.377,0.492,0.435
EMP01550,22,31,Engineering,IC4,0.388,0.726,0.515
EMP01551,28,20,Customer Success,IC4,0.679,0.382,0.797
EMP01552,27,19,Operations,IC3,0.59,0.461,0.73
EMP01553,32,18,Product,Manager,0.283,0.589,0.443
EMP01554,45,41,Product,IC1,0.099,0.668,0.534
EMP01555,34,21,Data,IC2,0.7,0.421,0.434
EMP01556,33,21,Data,IC1,0.939,0.52,0.705
EMP01557,29,5,Legal,IC1,0.891,0.885,0.846
EMP01558,27,13,Finance,Manager,0.674,0.914,0.521
EMP01559,46,20,HR,IC1,0.417,0.295,0.507
EMP01560,46,22,Data,IC4,0.499,0.532,0.614
EMP01561,30,8,Legal,IC2,0.55,0.832,0.715
EMP01562,28,17,Engineering,IC1,0.701,0.523,0.438
EMP01563,37,7,HR,IC3,0.765,0.735,0.949
EMP01564,28,16,Data,Manager,0.527,0.734,0.536
EMP01565,55,11,Marketing,IC3,0.736,0.569,0.415
EMP01566,27,27,Customer Success,IC1,0.861,0.924,0.553
EMP01567,28,32,Data,IC3,0.713,0.443,0.313
EMP01568,33,18,HR,IC1,0.499,0.643,0.535
EMP01569,39,28,Legal,IC2,0.448,0.494,0.655
EMP01570,44,49,Sales,IC3,0.454,0.646,0.452
EMP01571,35,12,Engineering,IC1,0.548,0.796,0.856
EMP01572,38,44,HR,IC2,0.874,0.658,0.417
EMP01573,22,28,Product,IC4,0.799,0.775,0.686
EMP01574,22,7,Customer Success,IC4,0.531,0.447,0.602
EMP01575,22,20,Product,IC3,0.568,0.843,0.294
EMP01576,32,22,Legal,IC1,0.723,0.619,0.325
EMP01577,37,27,Sales,IC3,0.569,0.688,0.562
EMP01578,31,14,Engineering,IC2,0.601,0.706,0.417
EMP01579,35,31,Marketing,IC3,0.856,0.862,0.627
EMP01580,26,43,HR,IC3,0.574,0.571,0.672
EMP01581,30,32,HR,IC3,0.287,0.846,0.523
EMP01582,24,9,Legal,IC4,0.712,0.542,0.458
EMP01583,41,2,Legal,IC4,0.547,0.812,0.404
EMP01584,37,10,Data,IC3,0.56,0.385,0.708
EMP01585,24,11,Sales,IC3,0.896,0.619,0.685
EMP01586,35,52,Customer Success,IC2,0.469,0.5,0.264
EMP01587,44,33,Customer Success,IC4,0.548,0.598,0.617
EMP01588,31,31,Operations,IC1,0.734,0.673,0.476
EMP01589,36,17,Finance,IC3,0.491,0.86,0.276
EMP01590,31,61,Finance,IC3,0.611,0.483,0.404
EMP01591,38,50,Customer Success,IC2,0.302,0.607,0.203
EMP01592,31,14,Data,IC3,0.587,0.617,0.499
EMP01593,27,18,Engineering,IC2,0.417,0.514,0.846
EMP01594,41,51,Customer Success,IC2,0.657,0.772,0.227
EMP01595,31,8,Product,IC4,0.612,0.565,0.478
EMP01596,22,15,Customer Success,IC4,0.488,0.465,0.487
EMP01597,39,15,Product,Manager,0.49,0.493,0.496
EMP01598,22,5,Legal,IC1,0.532,0.774,0.628
EMP01599,22,14,Finance,IC1,0.845,0.82,0.349
EMP01600,29,26,Operations,IC2,0.662,0.445,0.499
EMP01601,23,5,Operations,IC1,0.6,0.708,0.603
EMP01602,25,7,Data,IC2,0.41,0.669,0.672
EMP01603,34,15,Sales,IC3,0.233,0.91,0.572
EMP01604,30,11,Customer Success,Manager,0.785,0.97,0.494
EMP01605,28,39,Product,IC2,0.709,0.385,0.734
EMP01606,30,17,Data,IC2,0.417,0.42,0.851
EMP01607,39,20,Sales,IC1,0.44,0.89,0.678
EMP01608,40,8,Customer Success,IC4,0.509,0.397,0.496
EMP01609,26,44,Operations,IC1,0.657,0.481,0.655
EMP01610,27,27,Finance,IC3,0.858,0.37,0.691
EMP01611,55,25,Sales,IC1,0.676,0.683,0.543
EMP01612,26,21,Data,IC2,0.725,0.392,0.431
EMP01613,27,41,Product,IC1,0.335,0.758,0.73
EMP01614,22,40,Operations,Senior Manager,0.477,0.316,0.824
EMP01615,43,20,Legal,IC1,0.458,0.338,0.456
EMP01616,24,24,Finance,IC1,0.383,0.609,0.679
EMP01617,22,24,Customer Success,IC4,0.181,0.461,0.376
EMP01618,35,32,Sales,IC3,0.521,0.697,0.752
EMP01619,42,11,Legal,IC4,0.798,0.819,0.615
EMP01620,22,14,Product,IC1,0.533,0.783,0.814
EMP01621,22,18,Finance,IC3,0.597,0.741,0.422
EMP01622,23,9,Legal,Senior Manager,0.775,0.507,0.513
EMP01623,46,7,Customer Success,IC4,0.432,0.671,0.871
EMP01624,33,12,Engineering,IC2,0.793,0.564,0.612
EMP01625,38,7,Customer Success,Manager,0.77,0.704,0.502
EMP01626,34,28,Operations,IC3,0.757,0.662,0.453
EMP01627,37,15,Sales,IC2,0.833,0.677,0.448
EMP01628,46,22,Marketing,IC3,0.632,0.465,0.845
EMP01629,39,20,Customer Success,IC3,0.5,0.385,0.476
EMP01630,32,14,HR,IC2,0.589,0.762,0.598
EMP01631,22,16,Marketing,IC1,0.55,0.532,0.501
EMP01632,26,29,Marketing,IC1,0.477,0.492,0.588
EMP01633,29,28,Sales,Manager,0.728,0.789,0.578
EMP01634,45,11,Sales,Manager,0.723,0.408,0.618
EMP01635,26,9,Product,IC1,0.911,0.603,0.726
EMP01636,27,32,Operations,IC3,0.844,0.74,0.732
EMP01637,22,13,Product,IC2,0.671,0.842,0.466
EMP01638,31,25,Legal,IC2,0.509,0.612,0.568
EMP01639,22,31,Legal,IC2,0.576,0.485,0.678
EMP01640,38,8,Legal,IC1,0.726,0.774,0.857
EMP01641,36,38,Engineering,IC4,0.504,0.538,0.598
EMP01642,22,39,Customer Success,Manager,0.668,0.568,0.426
EMP01643,22,59,Data,IC2,0.75,0.789,0.284
EMP01644,22,37,Sales,IC1,0.711,0.464,0.742
EMP01645,27,28,Data,IC3,0.68,0.634,0.408
EMP01646,28,25,Finance,Senior Manager,0.322,0.455,0.577
EMP01647,33,22,Sales,IC1,0.751,0.47,0.29
EMP01648,33,21,Sales,IC1,0.494,0.721,0.633
EMP01649,26,16,Sales,IC2,0.782,0.726,0.644
EMP01650,43,30,Data,IC2,0.497,0.812,0.792
EMP01651,31,29,Sales,IC3,0.584,0.704,0.378
EMP01652,34,35,HR,IC1,0.598,0.676,0.742
EMP01653,22,37,Engineering,IC3,0.702,0.451,0.646
EMP01654,22,30,Finance,IC3,0.718,0.941,0.487
EMP01655,22,11,Customer Success,IC1,0.817,0.713,0.597
EMP01656,34,22,Marketing,Manager,0.772,0.599,0.676
EMP01657,38,32,HR,IC1,0.9,0.853,0.5
EMP01658,46,93,Data,IC3,0.707,0.715,0.738
EMP01659,31,38,Operations,IC3,0.573,0.748,0.803
EMP01660,22,6,HR,IC1,0.599,0.668,0.617
EMP01661,22,12,Marketing,IC2,0.725,0.271,0.569
EMP01662,35,37,Legal,IC2,0.775,0.535,0.601
EMP01663,23,23,Marketing,IC3,0.617,0.679,0.509
EMP01664,22,15,Operations,IC2,0.476,0.876,0.357
EMP01665,34,40,HR,IC2,0.811,0.737,0.724
EMP01666,29,32,Marketing,Manager,0.698,0.659,0.678
EMP01667,24,15,Customer Success,IC3,0.461,0.648,0.653
EMP01668,36,28,Data,IC2,0.311,0.721,0.557
EMP01669,41,31,HR,IC1,0.642,0.379,0.741
EMP01670,45,51,HR,IC2,0.917,0.563,0.577
EMP01671,22,12,Operations,IC2,0.916,0.499,0.481
EMP01672,24,19,Finance,IC4,0.693,0.667,0.84
EMP01673,23,36,Legal,IC2,0.821,0.671,0.787
EMP01674,31,45,Legal,IC4,0.433,0.44,0.359
EMP01675,36,36,Finance,IC2,0.547,0.635,0.568
EMP01676,22,19,Sales,IC2,0.329,0.714,0.497
EMP01677,38,50,Marketing,IC4,0.688,0.572,0.727
EMP01678,31,14,Data,Manager,0.762,0.525,0.706
EMP01679,40,26,Sales,Manager,0.273,0.859,0.633
EMP01680,24,50,Operations,IC1,0.727,0.701,0.58
EMP01681,35,28,Engineering,IC1,0.821,0.552,0.52
EMP01682,34,41,HR,Senior Manager,0.543,0.826,0.472
EMP01683,39,36,Customer Success,IC4,0.649,0.69,0.692
EMP01684,22,27,Legal,IC2,0.825,0.699,0.513
EMP01685,46,41,Product,IC2,0.652,0.5,0.591
EMP01686,29,25,Legal,IC4,0.541,0.555,0.735
EMP01687,49,4,Product,IC4,0.511,0.377,0.655
EMP01688,25,21,Operations,Manager,0.785,0.809,0.463
EMP01689,28,13,Product,IC1,0.61,0.835,0.253
EMP01690,54,26,Sales,IC3,0.457,0.804,0.47
EMP01691,24,23,Operations,IC2,0.417,0.439,0.29
EMP01692,22,35,HR,IC4,0.344,0.615,0.248
EMP01693,22,48,Legal,IC4,0.615,0.735,0.513
EMP01694,24,25,Sales,IC4,0.58,0.606,0.577
EMP01695,37,28,Finance,IC2,0.772,0.389,0.898
EMP01696,32,19,Product,IC1,0.265,0.734,0.665
EMP01697,22,30,Marketing,IC2,0.401,0.624,0.463
EMP01698,30,11,HR,IC1,0.375,0.696,0.746
EMP01699,31,42,Customer Success,IC3,0.518,0.383,0.43
EMP01700,33,27,Engineering,IC2,0.477,0.83,0.759
EMP01701,37,10,Finance,IC1,0.388,0.764,0.454
EMP01702,22,36,Engineering,IC3,0.918,0.817,0.604
EMP01703,33,33,Finance,IC3,0.775,0.665,0.464
EMP01704,31,24,Legal,IC1,0.802,0.691,0.654
EMP01705,44,30,Customer Success,IC4,0.799,0.555,0.649
EMP01706,40,32,Marketing,Manager,0.742,0.609,0.502
EMP01707,22,19,Finance,IC1,0.489,0.513,0.597
EMP01708,23,46,Product,IC1,0.384,0.558,0.808
EMP01709,34,27,Customer Success,IC4,0.665,0.435,0.577
EMP01710,22,31,Marketing,IC1,0.785,0.585,0.531
EMP01711,35,27,Engineering,IC3,0.671,0.59,0.405
EMP01712,23,15,Customer Success,IC3,0.659,0.728,0.408
EMP01713,41,21,Product,IC1,0.91,0.567,0.363
EMP01714,26,46,Customer Success,IC1,0.876,0.82,0.284
EMP01715,35,5,Sales,IC3,0.79,0.44,0.657
EMP01716,30,23,Sales,IC2,0.756,0.815,0.597
EMP01717,22,29,Engineering,IC1,0.692,0.383,0.34
EMP01718,40,17,Operations,IC4,0.692,0.715,0.601
EMP01719,27,17,HR,IC1,0.583,0.579,0.593
EMP01720,32,20,Sales,IC3,0.574,0.737,0.537
EMP01721,41,14,HR,Manager,0.294,0.467,0.649
EMP01722,39,13,HR,IC1,0.803,0.93,0.38
EMP01723,41,21,Data,IC2,0.636,0.721,0.386
EMP01724,39,31,Engineering,IC2,0.433,0.789,0.37
EMP01725,31,30,Product,IC3,0.703,0.435,0.755
EMP01726,30,19,Engineering,Director,0.751,0.285,0.805
EMP01727,31,20,Operations,IC4,0.613,0.651,0.594
EMP01728,22,22,Marketing,IC1,0.776,0.478,0.31
EMP01729,34,9,Sales,IC3,0.807,0.296,0.399
EMP01730,41,30,Legal,IC3,0.52,0.644,0.553
EMP01731,35,26,Data,IC2,0.301,0.782,0.549
EMP01732,43,7,Legal,IC2,0.848,0.338,0.694
EMP01733,25,27,Finance,Manager,0.462,0.389,0.291
EMP01734,33,17,Product,IC1,0.66,0.562,0.639
EMP01735,32,21,Operations,Director,0.681,0.71,0.383
EMP01736,23,15,Marketing,IC2,0.712,0.542,0.554
EMP01737,27,8,Operations,IC1,0.593,0.338,0.415
EMP01738,29,24,Product,IC2,0.433,0.641,0.426
EMP01739,31,18,Engineering,Manager,0.851,0.623,0.667
EMP01740,30,26,Marketing,IC4,0.592,0.665,0.639
EMP01741,48,35,Finance,IC3,0.556,0.614,0.696
EMP01742,29,11,Data,IC2,0.863,0.358,0.427
EMP01743,25,28,HR,IC3,0.782,0.473,0.546
EMP01744,40,11,Product,IC3,0.503,0.758,0.789
EMP01745,32,15,Product,Manager,0.565,0.432,0.668
EMP01746,32,9,HR,IC2,0.346,0.686,0.586
EMP01747,28,15,Data,IC2,0.617,0.469,0.602
EMP01748,30,25,Legal,IC2,0.48,0.754,0.591
EMP01749,23,9,Engineering,IC1,0.688,0.703,0.236
EMP01750,37,6,Legal,IC3,0.518,0.662,0.397
EMP01751,31,28,Data,IC4,0.629,0.657,0.572
EMP01752,31,27,Marketing,Director,0.63,0.946,0.781
EMP01753,41,41,Sales,IC1,0.567,0.341,0.601
EMP01754,27,33,Operations,Director,0.635,0.499,0.635
EMP01755,39,9,Finance,IC1,0.859,0.725,0.696
EMP01756,45,16,Engineering,IC1,0.455,0.455,0.328
EMP01757,22,24,Data,IC2,0.318,0.745,0.544
EMP01758,37,50,Customer Success,Senior Manager,0.49,0.91,0.626
EMP01759,32,18,Marketing,IC3,0.638,0.712,0.346
EMP01760,30,7,Data,IC2,0.659,0.514,0.686
EMP01761,37,14,Finance,Manager,0.631,0.364,0.491
EMP01762,22,6,Sales,IC2,0.66,0.758,0.596
EMP01763,24,29,Product,IC3,0.643,0.736,0.765
EMP01764,22,35,Legal,IC1,0.638,0.545,0.355
EMP01765,33,27,Customer Success,Manager,0.65,0.914,0.726
EMP01766,34,18,Product,IC3,0.668,0.753,0.534
EMP01767,23,47,Legal,IC1,0.833,0.81,0.599
EMP01768,29,47,Legal,IC3,0.702,0.847,0.409
EMP01769,31,45,Legal,IC1,0.879,0.777,0.448
EMP01770,25,13,Legal,IC2,0.734,0.555,0.332
EMP01771,40,23,Legal,Manager,0.699,0.637,0.639
EMP01772,47,27,Engineering,IC3,0.67,0.772,0.618
EMP01773,37,12,Finance,IC2,0.364,0.797,0.794
EMP01774,32,56,HR,Director,0.659,0.841,0.431
EMP01775,30,25,Engineering,IC3,0.35,0.527,0.374
EMP01776,34,53,Finance,IC2,0.387,0.737,0.774
EMP01777,35,32,Customer Success,Senior Manager,0.29,0.726,0.337
EMP01778,36,12,Operations,IC4,0.569,0.665,0.657
EMP01779,26,30,Engineering,IC2,0.557,0.732,0.783
EMP01780,33,15,Customer Success,IC2,0.644,0.837,0.557
EMP01781,29,12,Product,IC3,0.308,0.876,0.656
EMP01782,38,24,Customer Success,IC1,0.815,0.61,0.79
EMP01783,34,22,Marketing,IC3,0.398,0.78,0.825
EMP01784,25,27,Product,IC1,0.694,0.547,0.82
EMP01785,24,21,Data,Senior Manager,0.467,0.626,0.449
EMP01786,30,56,Customer Success,IC3,0.502,0.414,0.572
EMP01787,30,14,Sales,Manager,0.791,0.896,0.636
EMP01788,29,38,Engineering,IC2,0.584,0.834,0.587
EMP01789,22,16,Customer Success,IC4,0.809,0.537,0.585
EMP01790,22,65,Legal,IC2,0.774,0.385,0.524
EMP01791,38,11,Customer Success,IC2,0.6,0.903,0.474
EMP01792,43,30,Sales,IC1,0.752,0.498,0.856
EMP01793,55,11,HR,IC3,0.714,0.405,0.673
EMP01794,37,8,HR,IC1,0.395,0.467,0.56
EMP01795,37,10,Sales,IC1,0.833,0.577,0.546
EMP01796,36,58,Sales,IC3,0.895,0.361,0.584
EMP01797,27,27,Product,IC2,0.759,0.806,0.665
EMP01798,27,34,HR,IC1,0.634,0.459,0.244
EMP01799,25,45,Engineering,Manager,0.809,0.549,0.702
EMP01800,26,12,Operations,Senior Manager,0.858,0.495,0.681
EMP01801,46,27,Marketing,IC3,0.703,0.411,0.417
EMP01802,22,9,Engineering,IC4,0.785,0.91,0.271
EMP01803,40,41,Marketing,IC4,0.528,0.695,0.506
EMP01804,30,9,Engineering,IC1,0.678,0.646,0.68
EMP01805,44,47,Customer Success,Manager,0.578,0.778,0.651
EMP01806,37,35,Operations,IC2,0.688,0.44,0.744
EMP01807,41,76,Legal,IC1,0.494,0.413,0.688
EMP01808,34,13,Finance,IC1,0.415,0.7,0.519
EMP01809,49,12,Legal,IC2,0.359,0.469,0.79
EMP01810,37,18,HR,IC4,0.604,0.736,0.562
EMP01811,24,38,Operations,IC2,0.893,0.64,0.15
EMP01812,42,49,Engineering,IC2,0.573,0.8,0.712
EMP01813,32,13,Marketing,IC2,0.569,0.651,0.834
EMP01814,28,11,Operations,Director,0.479,0.455,0.553
EMP01815,33,18,Customer Success,Senior Manager,0.781,0.477,0.808
EMP01816,45,10,Engineering,IC4,0.389,0.672,0.559
EMP01817,30,29,Customer Success,IC3,0.736,0.746,0.455
EMP01818,26,30,Operations,IC1,0.685,0.557,0.658
EMP01819,36,22,Product,IC1,0.709,0.767,0.528
EMP01820,36,14,Customer Success,IC1,0.777,0.516,0.665
EMP01821,24,16,Finance,IC3,0.487,0.827,0.353
EMP01822,36,6,Finance,Manager,0.571,0.8,0.687
EMP01823,27,19,HR,IC4,0.596,0.659,0.387
EMP01824,33,30,Finance,IC2,0.529,0.738,0.463
EMP01825,39,42,Customer Success,IC2,0.608,0.534,0.597
EMP01826,49,54,Sales,IC3,0.721,0.859,0.727
EMP01827,44,5,HR,IC3,0.547,0.741,0.59
EMP01828,33,16,HR,IC1,0.693,0.498,0.565
EMP01829,22,28,Customer Success,IC4,0.767,0.465,0.459
EMP01830,22,10,Legal,IC2,0.694,0.75,0.362
EMP01831,22,5,Operations,IC3,0.462,0.675,0.711
EMP01832,46,10,Product,IC3,0.624,0.393,0.446
EMP01833,22,42,Finance,IC2,0.169,0.505,0.462
EMP01834,32,14,Product,Manager,0.76,0.57,0.524
EMP01835,31,44,Finance,Manager,0.496,0.736,0.49
EMP01836,24,9,Data,IC3,0.34,0.348,0.68
EMP01837,38,20,Sales,IC3,0.471,0.418,0.835
EMP01838,39,22,Legal,Director,0.256,0.685,0.771
EMP01839,39,26,Operations,IC3,0.556,0.532,0.564
EMP01840,31,3,Customer Success,IC1,0.833,0.742,0.502
EMP01841,34,64,Product,IC2,0.605,0.878,0.47
EMP01842,30,27,Product,IC2,0.46,0.692,0.354
EMP01843,47,41,Customer Success,IC2,0.481,0.418,0.283
EMP01844,22,19,Operations,IC2,0.65,0.508,0.69
EMP01845,33,32,Operations,IC1,0.647,0.704,0.826
EMP01846,41,23,HR,IC2,0.611,0.477,0.348
EMP01847,31,15,Data,IC1,0.392,0.722,0.463
EMP01848,33,6,Finance,IC1,0.679,0.655,0.75
EMP01849,37,23,Sales,IC2,0.783,0.566,0.689
EMP01850,39,7,HR,IC1,0.439,0.525,0.609
EMP01851,41,12,Customer Success,IC1,0.968,0.447,0.358
EMP01852,22,54,HR,Manager,0.398,0.633,0.324
EMP01853,42,13,Engineering,IC3,0.735,0.884,0.434
EMP01854,33,10,Customer Success,IC3,0.468,0.752,0.611
EMP01855,22,13,Data,IC1,0.864,0.504,0.579
EMP01856,22,22,Finance,IC1,0.417,0.493,0.546
EMP01857,37,25,Operations,Manager,0.507,0.512,0.555
EMP01858,25,35,Engineering,IC4,0.401,0.719,0.57
EMP01859,22,11,Product,Manager,0.732,0.342,0.594
EMP01860,22,48,Finance,Director,0.886,0.429,0.473
EMP01861,36,2,Customer Success,IC1,0.657,0.747,0.627
EMP01862,23,7,Legal,Senior Manager,0.633,0.622,0.565
EMP01863,27,31,Sales,IC1,0.77,0.466,0.54
EMP01864,23,12,Engineering,IC1,0.672,0.757,0.673
EMP01865,28,19,Sales,IC4,0.461,0.178,0.621
EMP01866,24,16,Data,IC4,0.792,0.71,0.477
EMP01867,23,17,HR,IC3,0.536,0.869,0.729
EMP01868,32,28,Engineering,IC1,0.421,0.632,0.495
EMP01869,42,24,Sales,IC1,0.302,0.673,0.832
EMP01870,22,4,Product,IC2,0.56,0.659,0.505
EMP01871,28,26,Marketing,IC2,0.513,0.552,0.775
EMP01872,30,10,Customer Success,IC4,0.807,0.756,0.332
EMP01873,33,21,Customer Success,IC4,0.674,0.735,0.827
EMP01874,30,25,Finance,IC4,0.606,0.605,0.431
EMP01875,23,17,Data,IC2,0.441,0.485,0.323
EMP01876,32,2,Engineering,IC2,0.711,0.528,0.671
EMP01877,22,8,Data,IC1,0.913,0.81,0.572
EMP01878,29,7,Sales,IC2,0.632,0.733,0.79
EMP01879,34,37,HR,IC4,0.575,0.64,0.377
EMP01880,30,12,Customer Success,IC3,0.683,0.869,0.548
EMP01881,35,28,Customer Success,IC2,0.892,0.677,0.896
EMP01882,37,11,HR,IC1,0.395,0.624,0.397
EMP01883,29,43,Product,IC1,0.871,0.691,0.613
EMP01884,29,30,Data,IC1,0.631,0.661,0.75
EMP01885,31,20,Sales,IC1,0.671,0.812,0.46
EMP01886,23,7,Legal,IC2,0.23,0.855,0.738
EMP01887,32,37,Customer Success,IC4,0.793,0.702,0.597
EMP01888,34,11,Finance,IC1,0.493,0.522,0.324
EMP01889,40,31,Customer Success,IC2,0.537,0.41,0.803
EMP01890,34,33,Operations,IC1,0.914,0.916,0.734
EMP01891,23,9,Marketing,IC3,0.421,0.325,0.181
EMP01892,27,49,Product,IC2,0.598,0.81,0.693
EMP01893,22,45,Engineering,IC1,0.651,0.616,0.574
EMP01894,38,34,Sales,IC2,0.857,0.632,0.314
EMP01895,43,29,HR,IC1,0.596,0.796,0.621
EMP01896,39,17,Legal,IC2,0.76,0.798,0.288
EMP01897,29,37,Finance,IC2,0.884,0.518,0.442
EMP01898,39,28,Legal,IC3,0.694,0.744,0.377
EMP01899,36,12,Product,IC1,0.723,0.501,0.49
EMP01900,42,12,Operations,Manager,0.445,0.824,0.406
EMP01901,30,17,Operations,IC1,0.717,0.531,0.575
EMP01902,28,18,HR,IC1,0.611,0.822,0.389
EMP01903,36,36,Marketing,IC2,0.539,0.705,0.479
EMP01904,22,4,Data,Manager,0.616,0.412,0.436
EMP01905,28,13,Operations,IC1,0.655,0.848,0.773
EMP01906,38,18,HR,IC1,0.655,0.923,0.789
EMP01907,35,11,Marketing,IC3,0.916,0.478,0.314
EMP01908,28,30,Product,IC1,0.348,0.559,0.362
EMP01909,29,11,Sales,Senior Manager,0.671,0.442,0.63
EMP01910,33,7,Product,IC3,0.736,0.863,0.54
EMP01911,25,8,HR,Manager,0.801,0.833,0.401
EMP01912,38,9,Sales,IC3,0.641,0.717,0.597
EMP01913,28,26,HR,IC1,0.297,0.329,0.596
EMP01914,25,26,Product,IC4,0.849,0.647,0.327
EMP01915,39,9,Customer Success,IC2,0.574,0.798,0.604
EMP01916,31,51,Customer Success,IC2,0.8,0.646,0.56
EMP01917,31,30,Product,IC2,0.661,0.661,0.458
EMP01918,26,3,Legal,IC4,0.716,0.837,0.677
EMP01919,44,19,Legal,IC3,0.714,0.769,0.311
EMP01920,38,16,Operations,IC2,0.219,0.826,0.516
EMP01921,28,14,Operations,IC1,0.734,0.511,0.449
EMP01922,31,48,Sales,Manager,0.381,0.316,0.447
EMP01923,22,15,Sales,IC1,0.637,0.551,0.357
EMP01924,22,23,Customer Success,IC1,0.619,0.629,0.56
EMP01925,26,20,Legal,IC3,0.352,0.489,0.539
EMP01926,36,11,Marketing,IC2,0.719,0.605,0.576
EMP01927,36,16,Product,IC3,0.795,0.483,0.734
EMP01928,26,9,Marketing,IC3,0.554,0.396,0.435
EMP01929,40,13,Sales,IC2,0.638,0.567,0.788
EMP01930,30,63,Marketing,IC2,0.951,0.466,0.544
EMP01931,42,30,HR,IC1,0.907,0.487,0.365
EMP01932,23,7,Engineering,Manager,0.802,0.667,0.561
EMP01933,22,34,Customer Success,IC1,0.543,0.857,0.63
EMP01934,33,11,Legal,Senior Manager,0.567,0.721,0.48
EMP01935,28,9,Data,IC4,0.71,0.748,0.526
EMP01936,27,8,Customer Success,Director,0.604,0.645,0.767
EMP01937,36,9,HR,Director,0.785,0.417,0.637
EMP01938,38,21,Legal,Manager,0.518,0.659,0.228
EMP01939,22,37,Sales,IC1,0.607,0.506,0.739
EMP01940,37,16,Data,IC1,0.779,0.509,0.597
EMP01941,22,7,Product,IC1,0.848,0.693,0.874
EMP01942,27,34,Product,IC2,0.587,0.52,0.794
EMP01943,33,10,Operations,IC3,0.805,0.773,0.432
EMP01944,41,31,Finance,IC4,0.625,0.806,0.426
EMP01945,36,16,HR,IC3,0.845,0.291,0.448
EMP01946,28,22,Legal,IC3,0.65,0.413,0.813
EMP01947,29,41,Finance,IC1,0.761,0.824,0.737
EMP01948,22,32,Finance,IC2,0.35,0.774,0.494
EMP01949,30,24,Data,IC1,0.682,0.885,0.454
EMP01950,28,31,Product,IC4,0.733,0.425,0.265
EMP01951,32,39,Sales,IC2,0.806,0.67,0.652
EMP01952,25,21,Customer Success,IC1,0.723,0.835,0.451
EMP01953,27,56,Product,IC3,0.8,0.741,0.32
EMP01954,31,18,HR,IC1,0.76,0.709,0.384
EMP01955,40,46,HR,IC1,0.818,0.546,0.778
EMP01956,42,23,Legal,IC2,0.415,0.696,0.64
EMP01957,28,6,Customer Success,Senior Manager,0.461,0.82,0.614
EMP01958,29,10,Sales,IC1,0.69,0.628,0.432
EMP01959,40,19,Legal,IC2,0.73,0.369,0.52
EMP01960,39,7,Data,IC2,0.526,0.765,0.569
EMP01961,32,26,Sales,Senior Manager,0.609,0.774,0.444
EMP01962,26,38,Sales,IC4,0.817,0.645,0.489
EMP01963,29,27,Finance,IC2,0.585,0.531,0.472
EMP01964,22,42,Legal,Senior Manager,0.606,0.805,0.681
EMP01965,22,24,Engineering,Senior Manager,0.56,0.655,0.64
EMP01966,37,14,Product,Senior Manager,0.792,0.79,0.751
EMP01967,32,8,Legal,IC3,0.703,0.744,0.619
EMP01968,22,24,Sales,IC1,0.588,0.62,0.443
EMP01969,48,28,Operations,IC4,0.801,0.83,0.641
EMP01970,28,28,Sales,IC1,0.805,0.468,0.301
EMP01971,51,41,Sales,IC3,0.689,0.611,0.788
EMP01972,33,41,Customer Success,Manager,0.497,0.817,0.524
EMP01973,25,9,Marketing,IC1,0.469,0.802,0.767
EMP01974,34,19,Customer Success,IC3,0.626,0.629,0.472
EMP01975,46,20,Legal,IC2,0.702,0.562,0.513
EMP01976,22,23,Operations,IC3,0.615,0.421,0.54
EMP01977,34,19,Product,Manager,0.859,0.901,0.278
EMP01978,36,13,Operations,Manager,0.482,0.564,0.512
EMP01979,37,19,Marketing,IC1,0.442,0.744,0.489
EMP01980,28,22,Legal,Manager,0.513,0.491,0.821
EMP01981,22,20,Operations,Manager,0.577,0.301,0.827
EMP01982,33,36,Sales,IC2,0.768,0.633,0.179
EMP01983,34,18,Operations,IC1,0.831,0.727,0.464
EMP01984,33,19,Data,Director,0.813,0.579,0.585
EMP01985,44,24,Legal,IC1,0.33,0.52,0.263
EMP01986,38,23,Product,Senior Manager,0.819,0.845,0.409
EMP01987,48,54,Legal,Manager,0.864,0.617,0.378
EMP01988,39,52,Sales,IC1,0.797,0.706,0.387
EMP01989,36,11,Data,IC1,0.543,0.659,0.626
EMP01990,31,9,Data,Senior Manager,0.681,0.348,0.226
EMP01991,22,5,Sales,IC3,0.66,0.82,0.618
EMP01992,43,18,Sales,IC1,0.304,0.742,0.616
EMP01993,39,26,Data,IC2,0.816,0.596,0.313
EMP01994,22,21,Data,IC2,0.587,0.786,0.678
EMP01995,22,20,Customer Success,IC2,0.672,0.696,0.493
EMP01996,37,26,Data,IC4,0.757,0.567,0.441
EMP01997,28,80,Engineering,IC2,0.673,0.47,0.097
EMP01998,25,11,Engineering,IC1,0.638,0.537,0.855
EMP01999,30,28,Product,IC2,0.678,0.844,0.329
EMP02000,27,28,Engineering,IC1,0.638,0.709,0.518
