employee_id,num_surveys_completed,avg_engagement,latest_engagement,engagement_trend,attrition_risk,did_leave
EMP00001,8,39.6,38.5,1.13,0.615,1
EMP00002,6,42.6,41.5,-0.76,0.585,0
EMP00003,7,47.6,44.9,1.62,0.551,1
EMP00004,7,37.1,36.6,-0.85,0.634,1
EMP00005,8,40.4,40.9,-1.99,0.591,1
EMP00006,7,37.4,30.9,-1.75,0.691,1
EMP00007,7,40.3,36.0,-2.4,0.64,1
EMP00008,7,23.1,20.7,0.88,0.793,1
EMP00009,8,23.2,32.0,3.0,0.68,0
EMP00010,8,46.7,42.1,-1.9,0.579,0
EMP00011,8,40.0,46.8,-0.16,0.532,0
EMP00012,7,39.9,37.7,-1.6,0.623,0
EMP00013,7,38.5,46.1,0.22,0.539,0
EMP00014,6,34.5,37.8,-0.14,0.622,1
EMP00015,7,55.4,53.9,-3.17,0.461,0
EMP00016,6,33.4,37.1,1.82,0.629,1
EMP00017,6,40.7,46.0,1.66,0.54,0
EMP00018,7,46.9,44.3,-4.45,0.557,0
EMP00019,6,29.3,34.9,2.42,0.651,1
EMP00020,7,42.4,41.3,-2.33,0.587,1
EMP00021,7,25.6,32.0,3.22,0.68,1
EMP00022,7,33.0,30.8,-2.8,0.692,1
EMP00023,7,47.6,46.4,3.07,0.536,1
EMP00024,7,37.3,37.0,-0.02,0.63,1
EMP00025,6,55.3,60.3,5.54,0.297,0
EMP00026,7,51.3,51.0,1.68,0.49,0
EMP00027,6,40.4,38.7,-1.72,0.613,0
EMP00028,6,48.1,52.3,-1.04,0.477,1
EMP00029,4,42.8,42.9,0.63,0.571,1
EMP00030,7,28.5,24.5,1.75,0.755,1
EMP00031,7,43.0,45.2,3.63,0.548,0
EMP00032,8,35.3,36.8,2.9,0.632,0
EMP00033,7,33.7,38.5,-1.47,0.615,1
EMP00034,7,34.8,33.5,0.45,0.665,1
EMP00035,6,43.1,46.3,-0.28,0.537,1
EMP00036,8,40.9,43.7,3.0,0.563,1
EMP00037,8,39.3,50.5,2.46,0.495,1
EMP00038,8,24.3,28.0,-0.67,0.72,1
EMP00039,8,41.0,37.1,-0.67,0.629,1
EMP00040,5,44.4,45.9,0.53,0.541,1
EMP00041,8,43.6,51.0,3.56,0.49,1
EMP00042,6,42.0,37.1,-1.72,0.629,1
EMP00043,7,41.1,38.8,-3.68,0.612,1
EMP00044,8,29.7,30.0,2.73,0.7,0
EMP00045,7,40.5,36.9,-4.4,0.631,1
EMP00046,5,51.0,50.8,-2.38,0.492,1
EMP00047,6,35.1,40.0,2.4,0.6,0
EMP00048,5,41.9,38.6,0.03,0.614,1
EMP00049,7,38.0,34.9,-0.07,0.651,1
EMP00050,7,32.8,24.2,-3.33,0.758,1
EMP00051,8,22.5,24.3,-1.16,0.757,1
EMP00052,7,41.1,43.9,1.85,0.561,1
EMP00053,8,30.2,24.3,-0.94,0.757,1
EMP00054,7,35.6,26.4,-3.92,0.736,0
EMP00055,7,41.5,38.9,-1.57,0.611,1
EMP00056,6,36.3,42.9,-0.24,0.571,1
EMP00057,6,41.9,42.0,2.96,0.58,1
EMP00058,7,38.4,38.2,4.58,0.618,1
EMP00059,8,33.4,34.5,0.77,0.655,1
EMP00060,5,37.9,35.8,-5.57,0.842,1
EMP00061,6,41.5,39.1,-4.02,0.609,0
EMP00062,6,37.5,37.8,2.86,0.622,1
EMP00063,6,30.4,29.9,-0.6,0.701,0
EMP00064,7,39.6,42.5,-1.18,0.575,1
EMP00065,8,29.0,25.6,1.6,0.744,1
EMP00066,6,46.4,45.1,0.36,0.549,0
EMP00067,5,48.5,53.2,5.38,0.368,0
EMP00068,8,42.8,47.7,1.27,0.523,1
EMP00069,8,42.4,45.3,2.21,0.547,0
EMP00070,8,57.8,52.3,-2.51,0.477,1
EMP00071,8,45.8,38.1,0.14,0.619,1
EMP00072,6,38.8,39.3,-0.62,0.607,1
EMP00073,6,40.8,40.2,3.34,0.598,1
EMP00074,8,42.4,39.6,2.1,0.604,1
EMP00075,5,33.6,37.2,1.47,0.628,1
EMP00076,8,34.7,37.9,-2.5,0.621,0
EMP00077,6,50.5,48.2,-0.8,0.518,0
EMP00078,4,24.7,25.0,2.13,0.75,1
EMP00079,8,42.4,38.3,1.93,0.617,1
EMP00080,8,37.4,38.3,-1.53,0.617,1
EMP00081,6,47.7,47.6,-4.9,0.524,1
EMP00082,7,38.6,40.9,-0.8,0.591,0
EMP00083,6,44.0,40.6,-2.66,0.594,0
EMP00084,5,33.4,42.5,8.4,0.475,0
EMP00085,6,46.7,47.3,1.62,0.527,1
EMP00086,6,33.4,35.4,3.52,0.646,1
EMP00087,5,19.9,14.4,0.17,0.856,1
EMP00088,7,28.8,24.8,-1.77,0.752,1
EMP00089,8,34.0,30.1,-2.11,0.699,1
EMP00090,7,43.0,46.4,4.32,0.536,0
EMP00091,7,34.9,31.1,-2.73,0.689,1
EMP00092,8,27.1,36.5,3.29,0.635,1
EMP00093,6,45.8,41.9,-4.24,0.581,1
EMP00094,7,39.5,37.5,-0.43,0.625,1
EMP00095,7,39.9,41.5,-1.27,0.585,0
EMP00096,7,46.7,52.6,3.05,0.474,1
EMP00097,6,42.4,48.4,6.14,0.416,1
EMP00098,7,46.2,44.7,-1.82,0.553,1
EMP00099,8,42.3,39.7,-2.54,0.603,1
EMP00100,7,38.2,43.9,-0.55,0.561,1
EMP00101,8,49.0,43.4,-4.54,0.566,0
EMP00102,8,26.0,24.6,-2.41,0.754,1
EMP00103,5,32.5,32.0,-3.48,0.68,1
EMP00104,5,43.7,45.7,-1.2,0.543,0
EMP00105,5,43.0,40.0,-3.05,0.6,1
EMP00106,7,41.0,42.2,1.85,0.578,1
EMP00107,7,31.6,27.7,-3.13,0.723,1
EMP00108,6,61.2,65.3,4.92,0.347,1
EMP00109,7,33.5,37.8,2.1,0.622,1
EMP00110,5,29.6,35.6,1.88,0.644,0
EMP00111,7,51.1,55.9,3.52,0.441,1
EMP00112,5,29.9,27.2,4.4,0.728,1
EMP00113,8,51.9,56.7,1.31,0.433,1
EMP00114,6,27.0,30.5,3.34,0.695,0
EMP00115,7,28.4,26.7,-0.6,0.733,1
EMP00116,6,55.1,51.7,-1.46,0.483,1
EMP00117,6,38.4,37.5,3.86,0.625,1
EMP00118,7,42.3,39.4,-5.5,0.806,1
EMP00119,7,48.3,49.6,0.48,0.504,1
EMP00120,7,32.5,21.8,-1.38,0.782,1
EMP00121,7,38.7,34.0,1.35,0.66,1
EMP00122,8,46.3,47.8,-1.16,0.522,1
EMP00123,8,37.5,41.9,4.09,0.581,0
EMP00124,6,46.3,50.2,-0.1,0.498,1
EMP00125,8,40.1,42.1,-0.31,0.579,0
EMP00126,5,34.3,35.7,5.28,0.543,1
EMP00127,7,37.7,35.0,-3.18,0.65,1
EMP00128,8,37.0,39.3,1.07,0.607,1
EMP00129,8,40.9,31.9,-2.57,0.681,1
EMP00130,8,45.2,48.6,1.46,0.514,1
EMP00131,7,30.3,25.7,-0.18,0.743,1
EMP00132,5,35.4,33.4,3.92,0.666,1
EMP00133,8,31.6,32.2,1.44,0.678,1
EMP00134,6,28.5,31.0,3.4,0.69,1
EMP00135,7,33.5,33.7,2.8,0.663,1
EMP00136,8,29.9,29.0,2.36,0.71,0
EMP00137,6,26.9,27.1,0.06,0.729,0
EMP00138,7,49.5,48.2,-2.15,0.518,0
EMP00139,6,41.2,41.0,-2.64,0.59,1
EMP00140,6,48.0,51.7,3.84,0.483,0
EMP00141,7,37.0,31.5,1.17,0.685,0
EMP00142,8,33.5,32.4,0.79,0.676,1
EMP00143,4,38.0,34.6,-4.5,0.654,1
EMP00144,7,35.9,32.3,0.62,0.677,1
EMP00145,7,33.1,35.5,0.53,0.645,1
EMP00146,8,37.8,43.2,1.16,0.568,1
EMP00147,5,39.5,38.2,-0.62,0.618,1
EMP00148,5,55.0,49.7,-4.45,0.503,1
EMP00149,6,41.0,37.3,1.96,0.627,1
EMP00150,7,30.7,35.8,1.43,0.642,1
EMP00151,7,45.4,38.0,-1.12,0.62,0
EMP00152,6,46.3,41.0,-2.94,0.59,1
EMP00153,7,52.5,50.6,-0.9,0.494,0
EMP00154,5,31.9,30.9,-1.8,0.691,1
EMP00155,7,43.1,43.5,1.03,0.565,1
EMP00156,7,44.6,44.6,0.28,0.554,0
EMP00157,7,34.7,35.8,-2.37,0.642,1
EMP00158,5,55.1,52.3,-4.2,0.477,0
EMP00159,6,45.5,50.9,5.76,0.391,1
EMP00160,6,26.8,15.1,-1.6,0.849,1
EMP00161,6,37.4,36.0,-2.56,0.64,1
EMP00162,7,25.2,19.7,-3.78,0.803,1
EMP00163,7,34.2,27.7,-0.32,0.723,0
EMP00164,7,29.0,24.0,-2.7,0.76,1
EMP00165,6,37.6,38.0,-2.78,0.62,0
EMP00166,8,47.8,52.6,0.74,0.474,0
EMP00167,5,48.3,45.5,-0.88,0.545,0
EMP00168,7,27.2,26.6,-1.23,0.734,1
EMP00169,6,32.1,29.5,-2.92,0.705,1
EMP00170,6,43.1,39.5,-0.46,0.605,1
EMP00171,8,45.2,45.4,1.37,0.546,0
EMP00172,7,48.7,47.1,-1.53,0.529,1
EMP00173,6,38.3,34.8,-0.3,0.652,1
EMP00174,8,41.6,43.8,0.57,0.562,1
EMP00175,6,44.4,39.4,-5.9,0.806,1
EMP00176,5,56.5,49.6,-2.1,0.504,1
EMP00177,8,39.2,39.8,-0.59,0.602,1
EMP00178,6,36.2,34.3,-4.74,0.657,1
EMP00179,8,30.2,27.6,-1.07,0.724,1
EMP00180,8,34.0,37.9,1.4,0.621,1
EMP00181,7,43.2,36.6,-3.08,0.634,1
EMP00182,7,29.2,27.9,0.33,0.721,0
EMP00183,7,39.6,38.5,4.85,0.615,0
EMP00184,8,39.5,41.1,1.7,0.589,1
EMP00185,7,35.8,36.8,1.0,0.632,1
EMP00186,8,47.5,48.1,-0.04,0.519,1
EMP00187,7,57.6,57.4,-2.55,0.426,0
EMP00188,8,33.0,36.2,-1.6,0.638,1
EMP00189,5,43.9,51.4,-0.1,0.486,1
EMP00190,6,58.4,55.9,-1.94,0.441,0
EMP00191,6,44.6,42.2,4.44,0.578,1
EMP00192,5,60.3,59.5,1.85,0.405,1
EMP00193,6,44.8,41.8,1.3,0.582,1
EMP00194,7,39.9,34.9,-3.95,0.651,1
EMP00195,6,41.0,42.4,-0.64,0.576,0
EMP00196,7,50.7,50.4,0.02,0.496,0
EMP00197,8,44.9,38.4,-3.04,0.616,1
EMP00198,6,20.9,23.7,1.88,0.763,1
EMP00199,8,37.6,37.5,1.19,0.625,1
EMP00200,7,32.4,32.1,-0.6,0.679,1
EMP00201,6,51.4,50.1,0.22,0.499,0
EMP00202,6,46.2,48.5,1.36,0.515,0
EMP00203,6,39.1,36.3,-3.42,0.637,1
EMP00204,5,35.7,35.0,-4.17,0.65,0
EMP00205,6,42.8,39.9,-0.66,0.601,0
EMP00206,7,35.4,40.6,1.6,0.594,1
EMP00207,7,37.0,40.2,0.97,0.598,0
EMP00208,7,37.6,38.6,2.12,0.614,0
EMP00209,5,32.9,33.7,-1.08,0.663,1
EMP00210,6,37.4,39.6,2.36,0.604,1
EMP00211,7,43.2,36.7,-0.82,0.633,1
EMP00212,7,42.2,41.8,-0.47,0.582,0
EMP00213,8,32.1,28.1,-1.23,0.719,1
EMP00214,7,37.0,39.4,3.18,0.606,0
EMP00215,6,45.8,46.7,-1.94,0.533,0
EMP00216,6,41.5,37.7,1.64,0.623,0
EMP00217,7,40.6,38.2,1.6,0.618,0
EMP00218,7,36.4,36.6,2.92,0.634,0
EMP00219,7,41.8,47.1,0.3,0.529,0
EMP00220,6,39.2,41.9,2.38,0.581,0
EMP00221,7,43.5,42.0,0.87,0.58,1
EMP00222,7,33.2,39.8,0.55,0.602,1
EMP00223,8,64.3,61.2,-1.59,0.388,1
EMP00224,8,37.2,40.5,1.94,0.595,0
EMP00225,6,45.5,39.9,0.3,0.601,0
EMP00226,8,44.2,54.2,2.21,0.458,0
EMP00227,6,41.7,43.3,2.68,0.567,0
EMP00228,8,29.7,31.5,-0.5,0.685,1
EMP00229,7,39.3,38.7,-0.5,0.613,1
EMP00230,6,30.5,28.8,-1.22,0.712,1
EMP00231,8,26.5,26.6,-1.7,0.734,0
EMP00232,7,34.1,25.5,-3.48,0.745,1
EMP00233,7,60.0,59.8,-4.1,0.402,0
EMP00234,8,46.4,51.0,1.33,0.49,0
EMP00235,6,55.6,61.2,2.88,0.388,0
EMP00236,7,36.3,31.6,-2.93,0.684,1
EMP00237,7,28.3,28.6,1.95,0.714,1
EMP00238,6,30.5,31.3,0.12,0.687,0
EMP00239,6,31.4,34.0,-1.28,0.66,1
EMP00240,5,36.2,39.2,0.1,0.608,1
EMP00241,7,31.3,28.3,-1.12,0.717,1
EMP00242,7,50.6,43.6,-3.68,0.564,0
EMP00243,6,49.7,47.2,0.48,0.528,1
EMP00244,6,39.5,33.9,-2.94,0.661,0
EMP00245,8,38.4,37.2,-1.47,0.628,0
EMP00246,8,45.4,48.5,-1.21,0.515,1
EMP00247,8,38.8,38.6,-0.67,0.614,1
EMP00248,7,43.0,42.4,-0.8,0.576,0
EMP00249,6,41.9,38.1,1.18,0.619,0
EMP00250,6,21.7,25.0,3.66,0.75,1
EMP00251,7,39.3,36.6,0.6,0.634,0
EMP00252,6,33.5,35.0,0.42,0.65,1
EMP00253,7,52.9,54.4,-3.53,0.456,1
EMP00254,7,36.7,37.7,1.45,0.623,1
EMP00255,6,37.7,38.4,2.38,0.616,1
EMP00256,8,31.2,26.6,1.37,0.734,1
EMP00257,8,31.7,30.2,-2.29,0.698,0
EMP00258,7,41.2,42.1,0.98,0.579,1
EMP00259,7,30.0,30.6,-0.22,0.694,1
EMP00260,7,52.4,54.2,-1.02,0.458,1
EMP00261,8,34.7,33.7,3.16,0.663,1
EMP00262,7,31.2,34.7,2.25,0.653,0
EMP00263,7,49.3,55.2,5.12,0.348,0
EMP00264,6,41.3,41.4,-4.1,0.586,1
EMP00265,6,32.2,33.3,1.34,0.667,0
EMP00266,7,39.6,47.2,0.9,0.528,0
EMP00267,7,41.4,39.0,-0.87,0.61,1
EMP00268,7,27.9,26.5,2.75,0.735,1
EMP00269,7,20.0,21.6,1.28,0.784,0
EMP00270,6,41.2,37.1,-3.92,0.629,0
EMP00271,8,46.2,49.4,-3.14,0.506,0
EMP00272,8,33.7,35.5,-0.07,0.645,1
EMP00273,8,47.3,45.6,-1.83,0.544,1
EMP00274,8,41.8,50.3,1.71,0.497,0
EMP00275,7,38.3,33.6,-2.6,0.664,0
EMP00276,8,39.4,41.3,-0.39,0.587,0
EMP00277,7,48.1,41.5,-1.13,0.585,1
EMP00278,8,42.3,39.6,1.69,0.604,1
EMP00279,6,57.0,52.0,-4.72,0.48,1
EMP00280,8,43.8,45.8,0.24,0.542,1
EMP00281,8,44.9,44.2,-0.13,0.558,0
EMP00282,8,22.0,21.1,0.41,0.789,0
EMP00283,8,42.2,43.3,-0.31,0.567,1
EMP00284,7,38.1,32.4,-0.28,0.676,0
EMP00285,3,48.7,48.7,6.55,0.413,0
EMP00286,7,36.5,40.6,-0.95,0.594,1
EMP00287,7,32.7,37.7,2.38,0.623,0
EMP00288,7,48.3,53.5,1.38,0.465,0
EMP00289,6,27.8,30.7,5.84,0.593,1
EMP00290,6,33.0,29.9,0.88,0.701,0
EMP00291,7,57.7,59.5,-0.75,0.405,0
EMP00292,7,35.7,35.3,-2.68,0.647,1
EMP00293,6,48.2,48.7,0.64,0.513,1
EMP00294,6,9.9,13.5,-1.56,0.865,1
EMP00295,7,35.0,36.6,-1.2,0.634,0
EMP00296,6,36.0,40.5,0.68,0.595,1
EMP00297,6,39.8,41.4,4.02,0.586,0
EMP00298,8,36.9,42.9,-0.74,0.571,1
EMP00299,7,41.5,46.0,1.93,0.54,1
EMP00300,7,32.5,34.1,1.17,0.659,0
EMP00301,7,50.2,45.7,-1.42,0.543,0
EMP00302,8,35.4,35.1,-1.0,0.649,1
EMP00303,6,36.5,40.1,2.6,0.599,1
EMP00304,7,34.5,36.0,4.18,0.64,1
EMP00305,7,24.6,31.0,4.12,0.69,1
EMP00306,6,39.0,34.6,-0.78,0.654,1
EMP00307,7,41.3,43.5,-1.65,0.565,1
EMP00308,6,27.6,27.8,3.9,0.722,0
EMP00309,6,35.8,34.5,-3.12,0.655,1
EMP00310,5,40.5,37.8,-3.78,0.622,0
EMP00311,6,21.7,20.7,-1.08,0.793,1
EMP00312,5,42.2,43.5,3.42,0.565,0
EMP00313,7,29.6,35.2,2.85,0.648,1
EMP00314,6,36.3,36.8,-0.38,0.632,1
EMP00315,7,40.9,35.0,-4.52,0.65,0
EMP00316,7,51.3,62.1,5.97,0.279,0
EMP00317,5,46.3,40.8,-4.92,0.592,0
EMP00318,7,39.4,42.1,4.32,0.579,1
EMP00319,6,33.4,29.7,-3.64,0.703,1
EMP00320,8,39.7,25.4,-4.69,0.746,1
EMP00321,5,47.8,44.5,-2.43,0.555,0
EMP00322,7,41.2,35.8,-3.08,0.642,1
EMP00323,7,42.0,46.5,2.47,0.535,0
EMP00324,8,41.1,43.7,2.96,0.563,0
EMP00325,6,50.6,52.6,-1.64,0.474,0
EMP00326,6,32.4,29.5,2.52,0.705,0
EMP00327,7,43.3,41.9,0.27,0.581,1
EMP00328,7,29.9,44.6,7.22,0.454,0
EMP00329,7,34.3,41.1,-1.27,0.589,0
EMP00330,7,57.3,64.6,-3.17,0.354,0
EMP00331,7,41.5,35.9,-3.73,0.641,0
EMP00332,8,48.8,46.4,-0.34,0.536,0
EMP00333,4,30.7,27.6,0.63,0.724,1
EMP00334,8,30.8,26.3,-4.9,0.737,0
EMP00335,6,25.1,20.8,-0.48,0.792,1
EMP00336,7,37.1,32.4,1.17,0.676,1
EMP00337,8,47.0,45.8,0.87,0.542,1
EMP00338,7,47.2,46.8,2.37,0.532,1
EMP00339,7,41.1,33.4,-1.6,0.666,0
EMP00340,8,36.4,33.6,-1.06,0.664,1
EMP00341,7,48.8,42.0,-4.18,0.58,0
EMP00342,7,49.8,49.8,2.28,0.502,0
EMP00343,7,34.5,33.8,-0.3,0.662,0
EMP00344,7,22.5,18.2,0.27,0.818,1
EMP00345,7,28.7,29.4,0.95,0.706,1
EMP00346,7,41.9,41.2,-0.08,0.588,0
EMP00347,5,41.5,51.6,4.12,0.484,0
EMP00348,6,38.4,24.1,-7.54,0.959,1
EMP00349,7,31.5,27.4,-1.3,0.726,1
EMP00350,6,37.0,35.7,-0.18,0.643,1
EMP00351,7,35.3,36.7,0.0,0.633,1
EMP00352,6,36.2,34.5,-2.68,0.655,0
EMP00353,8,37.5,33.4,-1.67,0.666,0
EMP00354,7,36.6,38.9,-0.85,0.611,0
EMP00355,8,46.7,45.5,1.4,0.545,0
EMP00356,6,38.1,39.4,-0.14,0.606,1
EMP00357,7,46.4,48.7,3.05,0.513,1
EMP00358,6,45.4,48.7,-1.0,0.513,0
EMP00359,8,29.8,25.6,0.89,0.744,0
EMP00360,7,27.7,18.6,-5.47,1.0,1
EMP00361,8,43.9,48.0,4.11,0.52,1
EMP00362,7,40.3,34.6,-4.73,0.654,1
EMP00363,6,39.3,43.4,1.96,0.566,0
EMP00364,7,26.5,22.8,-1.68,0.772,0
EMP00365,6,56.8,57.6,-0.74,0.424,1
EMP00366,8,43.1,39.8,0.59,0.602,0
EMP00367,7,44.9,41.4,1.47,0.586,1
EMP00368,6,45.0,42.2,-3.72,0.578,1
EMP00369,7,45.4,47.8,-0.63,0.522,0
EMP00370,8,53.8,52.3,0.89,0.477,0
EMP00371,4,34.7,33.0,0.3,0.67,1
EMP00372,7,38.6,44.1,4.28,0.559,1
EMP00373,7,43.6,41.0,-0.15,0.59,0
EMP00374,7,41.9,42.8,0.12,0.572,1
EMP00375,8,52.3,46.9,-2.1,0.531,0
EMP00376,8,31.0,32.1,-2.2,0.679,1
EMP00377,6,55.2,57.3,3.12,0.427,1
EMP00378,7,36.3,37.5,2.63,0.625,1
EMP00379,6,31.0,23.7,-2.54,0.763,0
EMP00380,7,30.3,25.4,-0.62,0.746,0
EMP00381,8,33.1,22.2,-1.04,0.778,1
EMP00382,5,26.2,30.7,1.83,0.693,0
EMP00383,5,28.1,30.7,0.9,0.693,1
EMP00384,8,43.3,39.2,0.27,0.608,0
EMP00385,7,37.3,35.9,-2.65,0.641,1
EMP00386,6,38.4,42.2,2.94,0.578,1
EMP00387,7,44.7,45.2,-2.77,0.548,1
EMP00388,8,52.3,60.9,6.33,0.291,1
EMP00389,7,38.3,39.2,-0.88,0.608,0
EMP00390,7,54.3,53.3,1.0,0.467,0
EMP00391,8,34.0,29.5,-1.8,0.705,1
EMP00392,6,29.4,32.1,0.06,0.679,1
EMP00393,8,51.8,50.3,-0.56,0.497,1
EMP00394,7,28.7,30.3,2.08,0.697,1
EMP00395,6,26.4,27.1,-2.52,0.729,1
EMP00396,5,49.8,53.5,1.33,0.465,1
EMP00397,5,31.6,33.7,0.58,0.663,0
EMP00398,7,38.4,37.3,-0.73,0.627,1
EMP00399,7,42.4,46.2,1.8,0.538,1
EMP00400,6,31.1,29.7,-2.0,0.703,1
EMP00401,7,46.7,48.6,0.18,0.514,1
EMP00402,5,42.8,44.5,0.0,0.555,0
EMP00403,6,32.2,25.1,1.72,0.749,0
EMP00404,8,53.7,51.2,-0.63,0.488,0
EMP00405,7,34.2,27.8,-2.45,0.722,1
EMP00406,7,36.9,42.6,1.55,0.574,1
EMP00407,7,33.1,34.4,-0.93,0.656,1
EMP00408,7,32.4,43.0,2.55,0.57,1
EMP00409,8,40.1,35.5,-0.13,0.645,0
EMP00410,7,37.4,33.6,-4.77,0.664,1
EMP00411,7,27.0,27.6,-0.35,0.724,1
EMP00412,5,63.1,62.8,1.97,0.372,0
EMP00413,7,44.3,41.3,-0.53,0.587,0
EMP00414,6,34.2,34.6,1.32,0.654,0
EMP00415,7,29.6,35.0,-1.52,0.65,0
EMP00416,7,45.5,46.0,1.22,0.54,0
EMP00417,6,40.6,40.8,-0.38,0.592,0
EMP00418,8,41.9,39.9,1.16,0.601,1
EMP00419,8,32.2,26.2,-2.11,0.738,1
EMP00420,6,39.4,43.4,2.7,0.566,1
EMP00421,8,43.7,45.7,2.87,0.543,0
EMP00422,7,52.7,50.9,0.07,0.491,0
EMP00423,8,39.8,44.2,2.23,0.558,1
EMP00424,5,42.0,39.8,5.15,0.502,0
EMP00425,8,31.6,25.9,-1.06,0.741,1
EMP00426,8,43.9,49.1,-0.37,0.509,1
EMP00427,7,45.6,43.1,-1.22,0.569,0
EMP00428,7,47.2,43.6,1.77,0.564,1
EMP00429,6,38.6,39.9,-1.36,0.601,0
EMP00430,8,36.8,36.1,0.76,0.639,1
EMP00431,7,41.5,53.6,3.47,0.464,1
EMP00432,4,51.4,58.8,8.1,0.312,0
EMP00433,6,46.9,46.4,-0.86,0.536,0
EMP00434,5,39.0,46.0,2.08,0.54,1
EMP00435,6,38.3,40.6,3.7,0.594,1
EMP00436,7,54.8,54.2,0.25,0.458,0
EMP00437,6,36.6,36.8,-1.66,0.632,1
EMP00438,7,31.8,39.7,3.17,0.603,1
EMP00439,8,33.8,35.2,-3.3,0.648,1
EMP00440,8,30.2,33.6,2.3,0.664,1
EMP00441,6,41.4,43.6,-1.14,0.564,0
EMP00442,7,37.2,38.0,1.03,0.62,1
EMP00443,7,44.0,39.6,-4.45,0.604,1
EMP00444,8,46.3,41.8,-1.87,0.582,1
EMP00445,6,36.5,33.6,-1.48,0.664,1
EMP00446,6,35.9,27.0,-3.22,0.73,1
EMP00447,7,52.1,49.5,-0.22,0.505,0
EMP00448,6,36.7,40.4,4.08,0.596,1
EMP00449,8,36.5,34.0,0.17,0.66,1
EMP00450,6,36.2,25.5,-2.86,0.745,1
EMP00451,8,36.8,35.0,-3.03,0.65,1
EMP00452,8,50.6,45.7,-2.9,0.543,0
EMP00453,7,50.6,45.8,-0.28,0.542,0
EMP00454,6,35.7,36.1,-1.96,0.639,1
EMP00455,5,33.6,32.7,4.85,0.673,1
EMP00456,7,36.7,39.5,-2.53,0.605,1
EMP00457,6,46.2,53.6,5.44,0.364,1
EMP00458,8,43.1,48.7,-0.13,0.513,1
EMP00459,6,49.3,45.7,-0.36,0.543,1
EMP00460,7,38.8,33.4,-1.43,0.666,0
EMP00461,8,32.8,30.8,1.93,0.692,1
EMP00462,7,32.9,26.3,-0.45,0.737,1
EMP00463,8,35.1,32.9,-0.09,0.671,1
EMP00464,6,31.1,31.6,-0.5,0.684,1
EMP00465,7,39.7,44.4,-3.6,0.556,0
EMP00466,6,28.5,26.3,-1.38,0.737,0
EMP00467,5,35.2,38.8,-1.5,0.612,1
EMP00468,7,47.7,52.7,2.22,0.473,0
EMP00469,6,34.5,33.3,0.98,0.667,1
EMP00470,7,45.7,52.9,3.87,0.471,0
EMP00471,7,30.6,40.2,2.85,0.598,1
EMP00472,8,42.6,36.6,-0.69,0.634,1
EMP00473,5,46.5,42.6,-2.88,0.574,1
EMP00474,7,42.8,37.8,-1.4,0.622,1
EMP00475,7,50.1,51.4,0.53,0.486,0
EMP00476,8,44.8,37.5,-2.86,0.625,1
EMP00477,5,39.6,38.3,2.25,0.617,0
EMP00478,7,30.1,39.5,0.53,0.605,0
EMP00479,7,40.4,49.1,4.13,0.509,1
EMP00480,7,52.6,48.0,0.25,0.52,1
EMP00481,7,30.7,43.2,2.5,0.568,0
EMP00482,8,58.4,58.0,1.44,0.42,0
EMP00483,7,29.7,22.2,-3.38,0.778,1
EMP00484,7,26.5,14.3,-6.82,1.0,1
EMP00485,6,50.0,44.2,-4.06,0.558,1
EMP00486,8,32.6,37.3,-1.69,0.627,1
EMP00487,6,39.5,43.6,0.3,0.564,0
EMP00488,7,45.0,49.7,2.12,0.503,1
EMP00489,8,41.5,38.4,0.51,0.616,1
EMP00490,7,42.8,43.6,0.48,0.564,1
EMP00491,7,42.9,46.1,-2.77,0.539,1
EMP00492,6,51.1,49.8,-0.86,0.502,0
EMP00493,8,39.5,39.0,1.33,0.61,1
EMP00494,6,40.6,38.6,0.04,0.614,1
EMP00495,8,40.7,38.4,-2.01,0.616,0
EMP00496,6,46.7,43.0,-3.46,0.57,1
EMP00497,7,42.6,40.7,-1.57,0.593,0
EMP00498,6,37.1,43.4,2.78,0.566,0
EMP00499,7,41.7,44.7,0.05,0.553,0
EMP00500,4,39.0,39.0,-2.4,0.61,1
EMP00501,7,29.8,23.6,-2.78,0.764,1
EMP00502,6,28.0,22.3,-5.64,0.977,1
EMP00503,8,57.5,53.9,0.66,0.461,0
EMP00504,8,47.6,47.2,-1.24,0.528,1
EMP00505,7,28.1,32.3,1.58,0.677,1
EMP00506,7,36.9,36.5,1.85,0.635,0
EMP00507,8,33.2,29.2,-1.16,0.708,1
EMP00508,8,24.2,18.7,2.1,0.813,1
EMP00509,7,44.3,43.6,-2.78,0.564,0
EMP00510,7,29.3,22.7,-7.7,0.973,1
EMP00511,7,48.8,59.1,1.2,0.409,0
EMP00512,8,33.8,36.8,1.7,0.632,1
EMP00513,7,37.8,39.5,2.0,0.605,0
EMP00514,6,38.3,38.7,0.84,0.613,0
EMP00515,8,44.2,43.8,1.69,0.562,1
EMP00516,8,44.8,41.4,-0.16,0.586,1
EMP00517,8,51.5,47.0,-2.34,0.53,1
EMP00518,7,35.3,36.1,-3.05,0.639,1
EMP00519,6,40.5,39.3,-0.6,0.607,0
EMP00520,7,24.7,15.2,-4.4,0.848,0
EMP00521,8,42.7,43.1,0.2,0.569,1
EMP00522,7,37.2,31.9,1.62,0.681,1
EMP00523,8,50.2,49.5,1.51,0.505,0
EMP00524,8,34.8,36.3,0.34,0.637,1
EMP00525,6,42.1,42.8,2.78,0.572,1
EMP00526,8,39.5,38.9,1.37,0.611,0
EMP00527,8,44.3,45.8,-1.53,0.542,1
EMP00528,7,49.7,50.9,-2.9,0.491,0
EMP00529,6,34.9,31.0,-5.84,0.89,1
EMP00530,4,27.6,22.7,-7.47,0.973,1
EMP00531,6,44.0,39.2,-1.86,0.608,0
EMP00532,8,38.6,31.6,-0.9,0.684,1
EMP00533,7,45.3,41.3,1.05,0.587,1
EMP00534,8,39.8,40.9,2.8,0.591,1
EMP00535,8,43.9,39.8,-2.33,0.602,0
EMP00536,7,37.3,43.1,-0.5,0.569,1
EMP00537,7,43.1,36.6,-5.4,0.834,1
EMP00538,7,29.3,29.2,0.7,0.708,1
EMP00539,8,39.2,40.5,-0.66,0.595,1
EMP00540,6,40.5,35.6,-3.98,0.644,0
EMP00541,8,44.1,43.1,0.93,0.569,1
EMP00542,8,42.7,53.3,1.64,0.467,0
EMP00543,6,42.6,43.3,2.16,0.567,1
EMP00544,7,42.2,33.0,-1.25,0.67,1
EMP00545,7,40.4,44.3,-1.18,0.557,1
EMP00546,7,52.1,47.2,1.67,0.528,1
EMP00547,8,36.1,36.2,-0.77,0.638,0
EMP00548,8,34.3,33.8,-0.43,0.662,1
EMP00549,7,40.9,40.7,-1.63,0.593,0
EMP00550,8,49.1,48.1,-2.36,0.519,1
EMP00551,6,46.3,42.2,-2.6,0.578,1
EMP00552,7,54.3,59.1,0.42,0.409,0
EMP00553,8,31.4,29.7,-0.91,0.703,0
EMP00554,8,39.8,40.7,1.69,0.593,1
EMP00555,7,31.6,33.4,2.58,0.666,0
EMP00556,7,49.1,47.3,-0.82,0.527,0
EMP00557,7,52.9,54.0,-2.17,0.46,0
EMP00558,8,45.4,47.4,0.09,0.526,0
EMP00559,8,27.3,22.6,-0.37,0.774,0
EMP00560,7,35.6,40.4,1.28,0.596,0
EMP00561,6,34.7,39.3,1.68,0.607,0
EMP00562,6,43.9,47.7,0.02,0.523,1
EMP00563,6,33.6,30.7,-2.34,0.693,1
EMP00564,7,38.6,34.0,-4.68,0.66,1
EMP00565,8,47.6,46.8,-1.76,0.532,1
EMP00566,7,35.6,40.2,1.68,0.598,0
EMP00567,7,46.3,48.9,-3.52,0.511,0
EMP00568,4,22.6,22.2,-1.37,0.778,0
EMP00569,6,38.1,42.3,3.42,0.577,1
EMP00570,8,35.1,40.6,1.36,0.594,1
EMP00571,7,47.0,48.7,-0.88,0.513,1
EMP00572,5,38.8,39.6,-2.75,0.604,0
EMP00573,8,53.5,59.0,2.26,0.41,1
EMP00574,8,40.7,46.6,2.71,0.534,0
EMP00575,8,42.2,48.2,-1.07,0.518,1
EMP00576,6,45.4,46.1,2.52,0.539,1
EMP00577,8,27.0,22.5,0.36,0.775,0
EMP00578,8,21.0,29.8,-1.66,0.702,1
EMP00579,8,37.3,37.1,0.86,0.629,0
EMP00580,6,49.7,45.0,-2.02,0.55,0
EMP00581,7,41.2,46.0,7.05,0.44,1
EMP00582,7,32.0,34.2,-0.62,0.658,0
EMP00583,7,38.6,37.0,1.57,0.63,1
EMP00584,7,50.0,54.3,1.12,0.457,1
EMP00585,7,36.9,41.7,-2.17,0.583,1
EMP00586,8,35.4,30.7,1.44,0.693,0
EMP00587,5,34.9,31.8,-2.9,0.682,0
EMP00588,7,22.4,27.7,3.52,0.723,1
EMP00589,5,47.2,54.7,6.48,0.353,0
EMP00590,8,46.0,48.9,0.79,0.511,1
EMP00591,7,52.2,59.6,3.5,0.404,0
EMP00592,7,35.4,30.7,-0.12,0.693,1
EMP00593,4,43.0,48.4,10.03,0.416,0
EMP00594,8,37.1,37.8,-2.07,0.622,0
EMP00595,6,38.2,38.8,1.38,0.612,0
EMP00596,6,37.4,37.6,5.02,0.524,1
EMP00597,6,36.5,33.6,-0.06,0.664,1
EMP00598,7,41.4,31.9,-1.57,0.681,1
EMP00599,5,21.7,19.1,-4.32,0.809,1
EMP00600,8,43.2,42.2,-4.23,0.578,1
EMP00601,7,26.6,28.5,0.72,0.715,1
EMP00602,6,37.8,41.5,3.62,0.585,0
EMP00603,7,39.5,42.4,2.4,0.576,1
EMP00604,8,36.0,31.9,-1.71,0.681,0
EMP00605,7,38.8,36.0,-0.13,0.64,0
EMP00606,6,30.7,35.8,1.78,0.642,1
EMP00607,6,46.5,48.8,2.24,0.512,0
EMP00608,8,37.4,37.9,0.43,0.621,1
EMP00609,8,35.6,29.1,-0.77,0.709,1
EMP00610,6,39.0,34.2,-0.82,0.658,0
EMP00611,6,47.2,48.8,3.48,0.512,0
EMP00612,6,47.2,40.0,-7.26,0.8,1
EMP00613,6,39.8,38.1,-6.12,0.819,1
EMP00614,7,36.3,42.4,4.55,0.576,0
EMP00615,7,44.6,45.5,-2.08,0.545,0
EMP00616,6,38.5,43.2,2.9,0.568,1
EMP00617,7,40.5,40.9,-0.88,0.591,0
EMP00618,6,41.1,45.6,-2.12,0.544,1
EMP00619,6,41.2,46.3,-0.96,0.537,1
EMP00620,6,40.0,36.7,1.5,0.633,0
EMP00621,6,33.0,38.3,5.22,0.517,1
EMP00622,6,45.9,41.1,-1.08,0.589,0
EMP00623,6,23.7,23.4,-3.0,0.766,1
EMP00624,6,18.2,15.8,-2.38,0.842,1
EMP00625,8,36.1,34.7,-2.14,0.653,1
EMP00626,8,25.5,22.2,-0.91,0.778,1
EMP00627,7,40.2,44.9,-0.55,0.551,0
EMP00628,6,37.5,38.9,-5.76,0.811,1
EMP00629,7,35.3,36.9,-2.48,0.631,1
EMP00630,8,39.8,39.3,-0.16,0.607,0
EMP00631,5,41.5,40.5,-0.5,0.595,1
EMP00632,8,36.0,32.3,-0.5,0.677,0
EMP00633,7,30.7,32.9,-0.63,0.671,0
EMP00634,7,39.7,38.5,-2.28,0.615,0
EMP00635,8,36.9,34.2,-3.37,0.658,0
EMP00636,7,39.4,32.8,-4.05,0.672,1
EMP00637,7,44.5,39.0,2.78,0.61,1
EMP00638,8,37.3,36.6,0.04,0.634,1
EMP00639,5,35.6,36.5,-1.15,0.635,1
EMP00640,3,48.3,48.3,-2.55,0.517,0
EMP00641,8,66.9,55.1,-4.56,0.449,0
EMP00642,7,46.1,49.0,-0.48,0.51,1
EMP00643,7,53.9,56.6,2.77,0.434,1
EMP00644,7,39.5,42.1,1.15,0.579,1
EMP00645,6,44.1,49.9,3.22,0.501,0
EMP00646,6,32.4,32.4,4.44,0.676,1
EMP00647,6,48.4,51.2,3.16,0.488,0
EMP00648,6,53.7,57.6,0.16,0.424,0
EMP00649,6,36.4,40.0,2.22,0.6,1
EMP00650,6,33.8,31.2,-3.14,0.688,0
EMP00651,7,34.3,43.2,4.17,0.568,1
EMP00652,6,43.5,46.9,-0.84,0.531,0
EMP00653,8,33.5,34.2,1.43,0.658,1
EMP00654,7,28.7,27.4,-1.48,0.726,0
EMP00655,8,38.7,44.2,1.13,0.558,0
EMP00656,5,39.3,36.2,2.25,0.638,0
EMP00657,7,51.8,48.1,-1.57,0.519,0
EMP00658,8,28.9,38.7,0.8,0.613,1
EMP00659,8,45.6,42.9,-1.21,0.571,1
EMP00660,7,37.2,45.4,0.37,0.546,0
EMP00661,8,24.4,23.3,-0.06,0.767,1
EMP00662,7,25.2,22.2,0.23,0.778,1
EMP00663,8,41.2,40.5,-1.31,0.595,0
EMP00664,8,35.7,31.6,-2.0,0.684,1
EMP00665,6,32.8,32.4,-0.74,0.676,0
EMP00666,8,28.2,25.8,-0.57,0.742,0
EMP00667,5,54.0,53.3,2.9,0.467,0
EMP00668,8,40.7,42.6,-3.01,0.574,0
EMP00669,7,47.0,46.6,0.95,0.534,0
EMP00670,8,29.5,25.2,-0.66,0.748,1
EMP00671,8,26.9,14.5,-2.63,0.855,1
EMP00672,8,25.8,18.7,0.69,0.813,1
EMP00673,6,43.0,43.7,1.02,0.563,0
EMP00674,7,35.2,30.6,-1.72,0.694,0
EMP00675,8,47.0,45.5,-0.23,0.545,1
EMP00676,7,47.9,51.2,1.75,0.488,0
EMP00677,8,36.3,39.3,1.89,0.607,1
EMP00678,7,39.4,37.7,-0.53,0.623,0
EMP00679,8,44.1,44.5,-1.7,0.555,0
EMP00680,8,31.3,32.3,1.53,0.677,1
EMP00681,5,37.0,32.7,-1.68,0.673,1
EMP00682,6,39.8,35.7,-2.02,0.643,1
EMP00683,6,42.1,40.5,-2.1,0.595,1
EMP00684,6,49.2,42.6,-2.12,0.574,0
EMP00685,8,41.2,46.4,0.33,0.536,1
EMP00686,7,29.1,25.7,2.63,0.743,0
EMP00687,6,31.8,34.1,-0.46,0.659,1
EMP00688,7,27.4,35.9,4.42,0.641,1
EMP00689,7,41.4,39.2,-2.08,0.608,0
EMP00690,7,40.0,39.9,0.05,0.601,0
EMP00691,5,40.7,35.4,-1.97,0.646,1
EMP00692,7,31.6,23.3,-1.2,0.767,1
EMP00693,6,42.4,45.3,3.44,0.547,0
EMP00694,7,34.0,29.9,-0.43,0.701,1
EMP00695,8,42.4,46.6,-0.44,0.534,0
EMP00696,8,41.5,37.3,-2.61,0.627,0
EMP00697,7,41.7,41.8,3.42,0.582,0
EMP00698,7,38.2,42.1,-1.17,0.579,1
EMP00699,8,41.0,42.4,-2.79,0.576,0
EMP00700,7,25.4,23.6,-0.9,0.764,1
EMP00701,5,34.6,34.3,-3.22,0.657,0
EMP00702,6,41.3,50.9,3.76,0.491,0
EMP00703,8,30.3,25.1,0.44,0.749,1
EMP00704,7,47.9,50.4,-0.23,0.496,0
EMP00705,7,35.6,30.8,-2.33,0.692,1
EMP00706,4,44.6,44.9,-5.93,0.751,1
EMP00707,5,49.2,48.3,-0.18,0.517,1
EMP00708,8,42.5,46.9,2.2,0.531,0
EMP00709,6,40.3,46.4,1.48,0.536,0
EMP00710,6,44.9,44.7,0.68,0.553,1
EMP00711,7,56.8,59.9,-1.9,0.401,1
EMP00712,7,40.1,44.8,4.72,0.552,0
EMP00713,7,38.8,40.6,1.78,0.594,0
EMP00714,7,37.3,38.8,0.13,0.612,0
EMP00715,5,35.4,38.1,2.58,0.619,1
EMP00716,4,31.2,25.3,-5.83,0.947,1
EMP00717,6,50.5,45.0,-3.5,0.55,0
EMP00718,8,57.8,56.3,1.03,0.437,1
EMP00719,7,42.9,48.3,2.2,0.517,1
EMP00720,7,59.3,58.2,1.62,0.418,1
EMP00721,7,38.5,32.2,-3.3,0.678,1
EMP00722,7,40.2,37.3,-3.12,0.627,0
EMP00723,8,45.8,48.3,0.07,0.517,1
EMP00724,6,30.9,24.9,-1.06,0.751,1
EMP00725,8,41.9,43.7,0.76,0.563,0
EMP00726,8,49.8,42.1,-2.41,0.579,1
EMP00727,8,35.8,36.4,0.7,0.636,1
EMP00728,6,38.8,39.3,2.8,0.607,1
EMP00729,7,35.0,35.0,-3.25,0.65,0
EMP00730,8,28.9,25.0,0.01,0.75,1
EMP00731,8,39.7,39.7,-2.2,0.603,1
EMP00732,6,23.3,15.3,1.04,0.847,1
EMP00733,7,36.5,42.2,-1.78,0.578,0
EMP00734,7,40.3,43.3,-0.08,0.567,0
EMP00735,7,40.9,40.4,2.35,0.596,1
EMP00736,8,33.4,35.4,1.53,0.646,0
EMP00737,5,44.6,38.5,-4.43,0.615,1
EMP00738,6,47.4,50.8,1.92,0.492,0
EMP00739,7,32.7,26.6,-5.37,0.934,1
EMP00740,8,46.5,47.5,-0.1,0.525,1
EMP00741,6,30.2,31.5,1.18,0.685,1
EMP00742,7,36.3,38.9,2.65,0.611,1
EMP00743,6,46.4,47.2,3.84,0.528,1
EMP00744,7,18.9,20.6,1.6,0.794,1
EMP00745,6,42.9,41.2,-0.48,0.588,1
EMP00746,7,29.8,35.7,3.93,0.643,1
EMP00747,8,38.9,32.6,-1.2,0.674,0
EMP00748,7,34.6,22.5,-4.63,0.775,0
EMP00749,7,44.7,41.6,-2.82,0.584,1
EMP00750,7,37.4,33.1,-1.95,0.669,1
EMP00751,7,30.0,31.3,-1.07,0.687,1
EMP00752,7,38.6,38.9,0.32,0.611,0
EMP00753,6,52.9,45.6,-1.46,0.544,0
EMP00754,8,34.2,34.0,-0.4,0.66,1
EMP00755,8,30.2,34.4,-2.94,0.656,0
EMP00756,7,33.7,34.2,0.62,0.658,1
EMP00757,8,52.3,56.2,2.99,0.438,0
EMP00758,7,29.1,32.4,-0.22,0.676,1
EMP00759,6,45.1,51.3,-3.34,0.487,0
EMP00760,8,52.0,47.4,-1.81,0.526,1
EMP00761,7,40.9,41.9,0.6,0.581,0
EMP00762,7,27.5,23.5,-2.97,0.765,1
EMP00763,7,41.5,36.4,-1.45,0.636,0
EMP00764,7,51.6,44.6,-1.0,0.554,1
EMP00765,7,48.2,42.4,-0.25,0.576,0
EMP00766,7,37.7,38.3,1.58,0.617,1
EMP00767,5,38.0,34.9,-5.0,0.851,0
EMP00768,8,38.4,43.1,-0.93,0.569,1
EMP00769,7,52.6,51.7,1.87,0.483,1
EMP00770,8,45.7,43.0,0.06,0.57,0
EMP00771,7,32.0,35.0,0.37,0.65,1
EMP00772,5,29.7,36.9,2.1,0.631,1
EMP00773,8,50.7,59.3,0.44,0.407,1
EMP00774,6,28.4,29.7,1.82,0.703,1
EMP00775,7,39.4,39.9,-0.48,0.601,0
EMP00776,5,53.6,52.8,0.73,0.472,0
EMP00777,4,27.9,34.9,10.7,0.551,0
EMP00778,5,51.3,52.1,-1.05,0.479,0
EMP00779,6,33.2,30.3,-4.48,0.697,0
EMP00780,7,43.4,44.4,-0.72,0.556,1
EMP00781,7,42.3,43.0,-0.08,0.57,0
EMP00782,6,37.3,34.3,-3.02,0.657,1
EMP00783,7,38.2,37.5,-1.33,0.625,0
EMP00784,8,43.0,42.5,0.57,0.575,0
EMP00785,6,55.8,53.7,3.02,0.463,1
EMP00786,8,24.8,28.1,1.5,0.719,0
EMP00787,8,35.3,37.2,0.21,0.628,1
EMP00788,5,38.1,38.4,4.25,0.616,0
EMP00789,7,43.2,45.0,-2.02,0.55,0
EMP00790,6,24.5,27.9,2.74,0.721,1
EMP00791,5,37.6,40.9,0.92,0.591,1
EMP00792,7,28.1,25.8,-0.9,0.742,1
EMP00793,6,51.5,59.1,6.26,0.309,0
EMP00794,7,43.7,52.8,3.7,0.472,1
EMP00795,8,39.8,42.3,2.14,0.577,1
EMP00796,7,35.3,44.7,4.4,0.553,0
EMP00797,5,42.4,42.1,-1.98,0.579,1
EMP00798,8,39.6,46.4,-1.01,0.536,1
EMP00799,6,26.3,25.7,0.88,0.743,1
EMP00800,6,31.8,30.2,-1.24,0.698,1
EMP00801,5,34.0,32.1,-3.6,0.679,1
EMP00802,7,58.5,48.4,2.43,0.516,1
EMP00803,7,31.5,31.8,1.0,0.682,1
EMP00804,6,36.8,32.6,-3.98,0.674,0
EMP00805,8,31.5,36.9,1.13,0.631,0
EMP00806,7,45.7,52.9,1.38,0.471,1
EMP00807,7,43.4,43.7,2.52,0.563,1
EMP00808,7,40.2,35.4,-1.85,0.646,1
EMP00809,7,38.1,34.8,0.48,0.652,1
EMP00810,6,36.7,37.8,-2.34,0.622,1
EMP00811,7,31.6,29.3,2.12,0.707,0
EMP00812,7,56.7,57.4,3.02,0.426,0
EMP00813,6,29.4,26.0,1.74,0.74,1
EMP00814,7,46.4,44.2,1.38,0.558,1
EMP00815,7,40.2,36.9,-3.65,0.631,1
EMP00816,7,54.1,50.0,-1.33,0.5,0
EMP00817,8,33.7,31.0,-1.36,0.69,1
EMP00818,6,47.8,53.3,2.32,0.467,0
EMP00819,5,43.3,38.3,-3.47,0.617,1
EMP00820,6,33.8,36.4,-3.74,0.636,0
EMP00821,7,46.8,43.2,-1.27,0.568,0
EMP00822,7,40.9,38.3,-1.2,0.617,0
EMP00823,7,37.7,42.4,0.28,0.576,1
EMP00824,8,31.9,32.5,0.03,0.675,1
EMP00825,8,35.9,38.8,-0.59,0.612,0
EMP00826,7,43.2,46.8,0.77,0.532,1
EMP00827,6,49.2,53.4,-2.3,0.466,1
EMP00828,7,35.1,29.2,-1.83,0.708,1
EMP00829,7,43.0,37.5,-2.3,0.625,1
EMP00830,7,41.3,39.7,-1.95,0.603,1
EMP00831,7,43.6,48.7,3.75,0.513,1
EMP00832,7,44.9,42.9,-5.57,0.771,1
EMP00833,7,55.9,54.9,0.27,0.451,0
EMP00834,6,40.7,42.8,0.4,0.572,0
EMP00835,4,49.3,48.5,0.4,0.515,0
EMP00836,6,30.9,29.1,-0.24,0.709,0
EMP00837,7,33.1,39.1,0.45,0.609,1
EMP00838,7,36.3,33.1,-1.03,0.669,0
EMP00839,6,43.0,44.0,-2.24,0.56,1
EMP00840,8,39.7,35.4,1.01,0.646,0
EMP00841,8,40.9,36.1,-2.44,0.639,1
EMP00842,7,36.1,35.9,0.78,0.641,1
EMP00843,7,32.1,29.6,0.13,0.704,1
EMP00844,5,35.9,40.0,-0.65,0.6,0
EMP00845,8,38.2,36.6,-1.54,0.634,1
EMP00846,7,42.5,45.7,-2.38,0.543,1
EMP00847,8,31.4,25.3,-2.83,0.747,1
EMP00848,8,38.9,38.8,0.0,0.612,0
EMP00849,7,36.1,36.6,1.18,0.634,0
EMP00850,5,42.2,39.0,-3.55,0.61,1
EMP00851,8,37.2,38.2,-1.24,0.618,0
EMP00852,8,42.1,39.6,-1.07,0.604,0
EMP00853,5,35.7,35.1,-2.28,0.649,1
EMP00854,5,47.2,41.1,-6.48,0.789,1
EMP00855,5,46.3,40.2,-2.5,0.598,1
EMP00856,7,48.2,52.1,-1.5,0.479,0
EMP00857,7,51.5,55.7,0.62,0.443,0
EMP00858,7,35.6,41.5,2.33,0.585,0
EMP00859,5,36.7,36.3,-0.1,0.637,0
EMP00860,7,47.8,47.8,-1.75,0.522,1
EMP00861,7,32.8,36.3,-0.58,0.637,1
EMP00862,7,28.5,25.0,-0.62,0.75,1
EMP00863,8,26.3,32.8,4.27,0.672,1
EMP00864,8,50.6,40.9,-1.87,0.591,1
EMP00865,7,47.8,51.4,1.13,0.486,0
EMP00866,8,36.6,38.2,1.21,0.618,1
EMP00867,7,33.7,30.2,-0.88,0.698,1
EMP00868,8,38.8,46.3,1.13,0.537,1
EMP00869,8,35.3,23.5,-3.04,0.765,0
EMP00870,6,48.6,46.7,-2.26,0.533,0
EMP00871,5,37.0,34.3,-4.9,0.657,1
EMP00872,7,37.8,36.8,-3.92,0.632,0
EMP00873,7,30.3,28.0,-1.33,0.72,1
EMP00874,8,39.6,42.8,0.23,0.572,0
EMP00875,8,46.6,36.7,-3.5,0.633,1
EMP00876,7,37.5,35.6,2.8,0.644,1
EMP00877,7,31.9,20.5,-3.0,0.795,1
EMP00878,7,42.9,42.8,-0.5,0.572,0
EMP00879,8,41.1,48.1,2.44,0.519,1
EMP00880,8,41.4,53.0,3.67,0.47,0
EMP00881,5,43.8,40.4,0.88,0.596,1
EMP00882,6,40.8,40.6,1.4,0.594,0
EMP00883,7,58.6,56.1,-0.17,0.439,1
EMP00884,7,32.0,28.4,-1.1,0.716,1
EMP00885,5,51.2,49.9,-2.35,0.501,1
EMP00886,6,39.9,45.4,5.18,0.446,1
EMP00887,8,46.5,41.6,0.5,0.584,0
EMP00888,6,40.0,36.6,-4.66,0.634,0
EMP00889,6,31.2,32.3,1.58,0.677,1
EMP00890,6,42.2,37.1,-4.56,0.629,1
EMP00891,8,34.6,38.2,1.53,0.618,1
EMP00892,7,41.5,42.3,-0.33,0.577,1
EMP00893,8,35.0,32.7,-2.56,0.673,0
EMP00894,4,34.1,36.4,1.2,0.636,1
EMP00895,8,38.2,42.0,0.3,0.58,1
EMP00896,8,39.2,36.5,0.36,0.635,0
EMP00897,5,51.3,51.6,0.3,0.484,1
EMP00898,7,38.9,45.6,5.38,0.444,0
EMP00899,8,28.2,19.6,-3.63,0.804,1
EMP00900,7,36.8,35.6,0.62,0.644,0
EMP00901,8,42.4,49.8,2.69,0.502,0
EMP00902,7,35.7,37.8,1.18,0.622,1
EMP00903,6,42.0,34.6,-0.86,0.654,1
EMP00904,8,46.1,46.4,-1.01,0.536,0
EMP00905,7,41.5,43.1,-1.47,0.569,1
EMP00906,6,51.7,41.3,-4.34,0.587,1
EMP00907,6,47.9,48.9,-3.66,0.511,0
EMP00908,7,28.8,31.8,-0.58,0.682,1
EMP00909,6,40.1,37.7,1.0,0.623,1
EMP00910,7,29.6,31.6,-0.85,0.684,1
EMP00911,7,34.4,35.4,3.28,0.646,0
EMP00912,6,46.4,52.2,3.02,0.478,1
EMP00913,4,29.7,30.5,2.43,0.695,1
EMP00914,7,50.9,55.1,1.35,0.449,0
EMP00915,7,31.7,35.4,1.87,0.646,0
EMP00916,7,39.3,40.3,-0.9,0.597,0
EMP00917,8,38.3,42.3,3.39,0.577,1
EMP00918,8,39.9,46.8,2.01,0.532,0
EMP00919,7,38.5,33.9,-0.63,0.661,1
EMP00920,7,54.1,57.4,-0.02,0.426,0
EMP00921,6,55.2,58.9,2.0,0.411,0
EMP00922,8,49.9,51.0,0.4,0.49,0
EMP00923,7,38.7,48.4,7.08,0.416,1
EMP00924,6,40.8,41.5,-1.16,0.585,1
EMP00925,8,14.4,14.6,-0.94,0.854,0
EMP00926,7,40.6,38.9,-1.78,0.611,0
EMP00927,8,40.9,38.2,-1.76,0.618,1
EMP00928,6,58.6,47.4,-6.88,0.726,1
EMP00929,7,37.7,28.1,-3.0,0.719,1
EMP00930,7,29.4,24.7,-0.43,0.753,1
EMP00931,6,48.9,54.3,-0.38,0.457,0
EMP00932,6,38.6,30.1,-4.46,0.699,0
EMP00933,8,47.3,46.6,0.06,0.534,0
EMP00934,6,37.7,32.6,1.26,0.674,0
EMP00935,7,51.3,46.9,1.67,0.531,0
EMP00936,7,39.8,42.9,1.67,0.571,0
EMP00937,6,42.9,38.4,-0.66,0.616,1
EMP00938,6,48.5,52.0,-1.62,0.48,0
EMP00939,8,34.5,34.8,2.97,0.652,1
EMP00940,6,29.8,23.3,-4.74,0.767,1
EMP00941,7,32.3,36.8,1.5,0.632,1
EMP00942,7,41.0,33.3,-4.75,0.667,0
EMP00943,7,32.7,32.6,-0.82,0.674,0
EMP00944,6,25.3,28.1,-1.7,0.719,1
EMP00945,5,45.7,44.4,3.5,0.556,1
EMP00946,7,47.5,49.0,-0.5,0.51,1
EMP00947,7,51.6,53.6,1.35,0.464,1
EMP00948,7,45.6,43.7,-2.57,0.563,1
EMP00949,5,43.1,45.2,6.1,0.448,0
EMP00950,8,30.3,30.5,-1.3,0.695,0
EMP00951,8,46.7,49.8,-0.16,0.502,1
EMP00952,8,38.2,41.6,0.23,0.584,1
EMP00953,4,39.4,41.8,-0.33,0.582,1
EMP00954,6,52.6,51.2,1.08,0.488,1
EMP00955,6,27.4,28.9,-1.18,0.711,1
EMP00956,6,44.0,39.6,-1.08,0.604,1
EMP00957,6,38.6,37.0,-2.92,0.63,1
EMP00958,8,34.1,27.9,-0.86,0.721,1
EMP00959,7,36.8,42.6,2.92,0.574,1
EMP00960,7,26.6,31.3,2.22,0.687,0
EMP00961,7,34.3,34.1,-0.23,0.659,1
EMP00962,6,51.6,55.9,0.74,0.441,0
EMP00963,7,46.7,47.1,0.33,0.529,0
EMP00964,7,36.5,31.2,-0.18,0.688,0
EMP00965,8,37.3,32.5,-2.0,0.675,1
EMP00966,8,36.1,36.1,-0.19,0.639,1
EMP00967,6,38.5,39.5,1.68,0.605,1
EMP00968,7,39.4,43.6,0.63,0.564,0
EMP00969,5,41.4,35.7,-0.17,0.643,1
EMP00970,8,29.3,33.9,2.54,0.661,1
EMP00971,8,40.5,37.1,-1.41,0.629,1
EMP00972,8,43.0,41.4,-0.69,0.586,0
EMP00973,7,46.6,47.1,-2.75,0.529,1
EMP00974,6,41.7,37.7,-2.64,0.623,1
EMP00975,8,43.3,48.6,0.3,0.514,1
EMP00976,8,38.4,36.0,-3.5,0.64,0
EMP00977,7,38.3,46.6,1.03,0.534,1
EMP00978,7,40.0,40.6,-4.3,0.594,1
EMP00979,6,32.8,36.5,2.44,0.635,0
EMP00980,8,27.8,26.7,2.41,0.733,1
EMP00981,7,46.5,50.3,0.1,0.497,0
EMP00982,6,36.5,41.5,4.9,0.585,1
EMP00983,6,36.3,36.1,4.14,0.639,0
EMP00984,6,50.3,52.9,-1.94,0.471,0
EMP00985,7,40.1,32.9,-1.8,0.671,1
EMP00986,5,37.1,38.5,-2.28,0.615,0
EMP00987,7,40.1,39.2,-2.48,0.608,1
EMP00988,6,32.8,28.6,-0.2,0.714,1
EMP00989,5,41.8,37.8,-0.68,0.622,1
EMP00990,6,50.4,42.3,-4.5,0.577,0
EMP00991,6,39.4,45.1,5.98,0.449,0
EMP00992,6,28.5,22.4,-2.84,0.776,1
EMP00993,4,22.3,19.3,-5.2,1.0,1
EMP00994,7,43.4,45.3,-1.33,0.547,0
EMP00995,7,47.8,42.7,-0.2,0.573,0
EMP00996,8,52.3,53.0,0.67,0.47,0
EMP00997,7,32.2,33.2,-1.6,0.668,0
EMP00998,7,42.7,36.9,-1.35,0.631,0
EMP00999,8,24.3,20.6,-1.17,0.794,1
EMP01000,6,49.7,46.8,2.14,0.532,1
EMP01001,7,49.3,45.6,-1.8,0.544,1
EMP01002,6,35.6,37.4,0.5,0.626,1
EMP01003,4,34.2,28.9,-5.07,0.911,1
EMP01004,6,20.5,17.3,-3.46,0.827,1
EMP01005,8,55.8,58.7,-0.43,0.413,1
EMP01006,7,32.4,29.9,-0.88,0.701,1
EMP01007,6,35.6,39.6,2.1,0.604,1
EMP01008,7,50.5,41.4,0.08,0.586,0
EMP01009,8,34.1,35.6,2.49,0.644,1
EMP01010,6,33.8,30.1,-3.12,0.699,1
EMP01011,7,40.4,35.6,-3.9,0.644,1
EMP01012,7,30.9,30.8,-1.65,0.692,1
EMP01013,8,43.2,47.6,0.19,0.524,0
EMP01014,6,42.4,42.1,0.64,0.579,0
EMP01015,7,34.2,29.8,-0.12,0.702,0
EMP01016,5,28.7,29.0,3.27,0.71,1
EMP01017,6,53.9,54.0,0.32,0.46,1
EMP01018,6,54.8,51.4,-1.32,0.486,1
EMP01019,6,33.5,34.7,0.54,0.653,0
EMP01020,6,27.9,35.7,0.82,0.643,0
EMP01021,8,36.4,35.3,-1.17,0.647,1
EMP01022,8,34.3,37.1,3.21,0.629,1
EMP01023,8,54.6,47.1,-0.86,0.529,0
EMP01024,7,40.1,40.5,-1.98,0.595,1
EMP01025,7,49.5,54.9,2.38,0.451,1
EMP01026,6,63.6,66.5,4.78,0.335,0
EMP01027,7,33.6,33.9,-1.77,0.661,0
EMP01028,5,27.4,33.5,1.68,0.665,0
EMP01029,6,43.9,39.8,-2.2,0.602,1
EMP01030,6,55.2,53.7,0.18,0.463,1
EMP01031,7,33.7,28.4,-2.38,0.716,0
EMP01032,8,42.1,50.0,1.83,0.5,0
EMP01033,7,47.3,48.6,1.1,0.514,0
EMP01034,5,24.2,25.3,-0.95,0.747,1
EMP01035,8,51.4,50.5,-1.84,0.495,0
EMP01036,5,42.9,46.3,-0.03,0.537,0
EMP01037,6,46.5,42.1,-4.0,0.579,0
EMP01038,8,41.8,48.2,1.14,0.518,1
EMP01039,6,56.2,55.6,-1.56,0.444,1
EMP01040,7,34.9,32.4,-2.03,0.676,1
EMP01041,8,34.6,33.8,3.59,0.662,1
EMP01042,7,35.4,41.6,-1.27,0.584,1
EMP01043,6,34.6,39.8,-0.06,0.602,1
EMP01044,6,42.7,41.3,-1.84,0.587,0
EMP01045,7,28.5,34.3,2.9,0.657,1
EMP01046,7,47.7,49.8,-1.15,0.502,0
EMP01047,7,33.4,40.4,-0.33,0.596,1
EMP01048,7,35.4,31.0,1.9,0.69,0
EMP01049,7,34.4,25.1,-3.37,0.749,0
EMP01050,8,34.9,36.9,0.6,0.631,1
EMP01051,6,49.2,50.8,1.06,0.492,0
EMP01052,7,41.3,48.9,3.38,0.511,0
EMP01053,8,28.4,32.5,0.54,0.675,0
EMP01054,8,40.4,39.7,0.57,0.603,0
EMP01055,7,37.5,42.6,1.6,0.574,1
EMP01056,8,45.1,44.8,2.8,0.552,1
EMP01057,7,39.7,34.5,-4.3,0.655,0
EMP01058,8,44.7,44.3,1.79,0.557,1
EMP01059,7,54.5,49.7,-3.22,0.503,1
EMP01060,8,33.9,35.5,1.7,0.645,1
EMP01061,6,41.9,40.2,-0.24,0.598,0
EMP01062,7,24.7,28.7,2.2,0.713,1
EMP01063,7,29.3,26.4,-1.63,0.736,1
EMP01064,8,58.9,56.2,-0.66,0.438,0
EMP01065,6,37.8,38.9,-0.36,0.611,1
EMP01066,6,50.9,55.2,5.4,0.348,0
EMP01067,6,29.4,28.1,0.76,0.719,1
EMP01068,5,37.2,33.1,-5.2,0.869,0
EMP01069,7,51.5,51.4,-1.42,0.486,0
EMP01070,8,47.6,51.7,0.49,0.483,1
EMP01071,7,33.5,29.7,-1.42,0.703,0
EMP01072,7,44.2,39.0,1.82,0.61,0
EMP01073,5,22.6,21.4,-5.22,0.986,1
EMP01074,8,27.8,27.1,-2.26,0.729,1
EMP01075,6,40.9,40.5,-4.24,0.595,0
EMP01076,6,34.2,34.7,0.02,0.653,1
EMP01077,7,32.8,30.7,-2.23,0.693,1
EMP01078,8,51.5,48.3,-1.37,0.517,0
EMP01079,8,35.7,37.0,-0.83,0.63,0
EMP01080,6,32.7,37.4,3.98,0.626,1
EMP01081,7,40.1,31.8,-3.05,0.682,0
EMP01082,7,54.6,54.3,2.62,0.457,1
EMP01083,7,40.1,40.1,-0.87,0.599,0
EMP01084,6,45.6,45.7,1.16,0.543,0
EMP01085,8,31.0,29.1,-1.36,0.709,1
EMP01086,8,35.2,42.4,0.87,0.576,0
EMP01087,7,39.5,39.9,-0.83,0.601,1
EMP01088,7,41.7,41.2,-0.87,0.588,0
EMP01089,6,52.9,56.3,0.08,0.437,0
EMP01090,6,30.4,28.6,1.02,0.714,1
EMP01091,7,40.6,43.8,1.78,0.562,0
EMP01092,8,43.1,44.2,2.84,0.558,0
EMP01093,7,34.3,31.2,-0.65,0.688,1
EMP01094,6,32.1,36.1,0.08,0.639,0
EMP01095,7,37.6,35.4,0.27,0.646,0
EMP01096,7,28.3,28.5,-1.45,0.715,0
EMP01097,6,24.5,19.5,-2.84,0.805,1
EMP01098,6,23.8,32.8,4.54,0.672,0
EMP01099,6,44.6,47.7,0.28,0.523,0
EMP01100,8,32.8,24.2,0.9,0.758,1
EMP01101,8,54.1,49.9,1.13,0.501,1
EMP01102,6,52.8,49.5,0.96,0.505,1
EMP01103,7,41.4,38.4,-1.27,0.616,1
EMP01104,6,32.2,30.9,0.86,0.691,1
EMP01105,7,38.0,41.8,-2.1,0.582,0
EMP01106,7,50.4,46.5,1.18,0.535,1
EMP01107,7,44.8,47.4,-0.08,0.526,1
EMP01108,8,55.0,58.6,0.17,0.414,0
EMP01109,6,44.5,43.3,3.9,0.567,1
EMP01110,6,39.6,30.5,-3.26,0.695,1
EMP01111,7,32.5,35.7,2.82,0.643,1
EMP01112,7,37.3,33.3,-0.9,0.667,0
EMP01113,8,36.4,31.9,0.99,0.681,1
EMP01114,6,38.2,48.0,3.72,0.52,1
EMP01115,8,41.0,42.9,-2.66,0.571,1
EMP01116,5,43.4,39.6,-1.17,0.604,0
EMP01117,7,32.1,36.3,1.57,0.637,1
EMP01118,8,31.4,23.0,-0.51,0.77,0
EMP01119,6,50.9,56.7,-0.12,0.433,1
EMP01120,8,45.4,46.8,-2.76,0.532,1
EMP01121,6,43.2,47.7,5.98,0.423,1
EMP01122,6,44.6,46.8,-0.54,0.532,1
EMP01123,8,32.6,30.7,-0.87,0.693,1
EMP01124,8,39.5,46.8,-0.67,0.532,0
EMP01125,7,27.4,30.8,-1.55,0.692,1
EMP01126,7,26.9,26.4,0.1,0.736,1
EMP01127,6,39.3,40.0,-0.46,0.6,0
EMP01128,7,45.0,41.1,2.32,0.589,0
EMP01129,8,50.6,52.7,0.73,0.473,0
EMP01130,8,31.7,30.9,2.39,0.691,1
EMP01131,8,35.2,30.0,-1.89,0.7,0
EMP01132,7,24.4,28.2,-0.3,0.718,0
EMP01133,6,47.3,48.3,-1.28,0.517,1
EMP01134,8,39.3,39.4,-1.89,0.606,1
EMP01135,8,47.8,51.7,-0.79,0.483,1
EMP01136,7,43.8,51.5,3.52,0.485,0
EMP01137,6,35.6,36.6,-2.14,0.634,1
EMP01138,7,48.6,51.3,2.97,0.487,0
EMP01139,7,42.1,42.4,-1.58,0.576,0
EMP01140,8,39.9,38.3,-2.3,0.617,1
EMP01141,6,40.9,36.9,-1.56,0.631,1
EMP01142,5,37.2,34.4,2.12,0.656,1
EMP01143,6,25.4,22.6,1.78,0.774,0
EMP01144,8,38.3,35.6,-1.51,0.644,0
EMP01145,6,34.8,28.6,-4.9,0.714,1
EMP01146,6,45.5,44.9,-0.18,0.551,1
EMP01147,6,45.4,43.3,0.24,0.567,1
EMP01148,6,33.9,25.4,-2.96,0.746,0
EMP01149,7,41.1,41.7,2.88,0.583,1
EMP01150,6,36.0,30.6,-2.82,0.694,1
EMP01151,8,25.3,29.4,0.61,0.706,1
EMP01152,8,57.0,55.4,-1.5,0.446,0
EMP01153,8,31.1,29.0,0.74,0.71,0
EMP01154,6,24.1,27.2,-1.2,0.728,1
EMP01155,6,41.7,40.8,-3.88,0.592,0
EMP01156,5,32.9,28.9,-6.7,0.911,1
EMP01157,6,37.3,32.0,-0.06,0.68,1
EMP01158,7,23.6,21.3,-2.05,0.787,1
EMP01159,6,25.2,20.9,-2.24,0.791,0
EMP01160,7,33.0,30.9,4.23,0.691,0
EMP01161,8,46.4,42.3,-2.06,0.577,0
EMP01162,8,37.0,46.6,-1.8,0.534,0
EMP01163,5,31.1,28.2,-2.2,0.718,1
EMP01164,6,24.7,29.4,1.14,0.706,1
EMP01165,8,33.6,29.7,-1.23,0.703,1
EMP01166,8,35.3,31.7,-0.2,0.683,0
EMP01167,6,27.1,28.4,3.56,0.716,1
EMP01168,7,56.8,63.7,-0.07,0.363,0
EMP01169,7,30.5,28.8,-1.63,0.712,0
EMP01170,7,38.4,46.3,3.02,0.537,1
EMP01171,6,44.9,45.0,-3.52,0.55,1
EMP01172,6,36.5,31.9,-2.06,0.681,0
EMP01173,6,44.1,38.8,-1.36,0.612,1
EMP01174,7,44.6,50.8,2.4,0.492,1
EMP01175,6,47.9,54.3,1.28,0.457,0
EMP01176,5,39.2,45.2,2.75,0.548,1
EMP01177,7,37.3,35.7,-2.17,0.643,1
EMP01178,8,43.5,41.6,-2.73,0.584,1
EMP01179,5,48.5,44.3,3.45,0.557,0
EMP01180,8,49.8,47.2,-0.57,0.528,1
EMP01181,7,42.7,41.2,-0.62,0.588,0
EMP01182,6,41.4,32.9,-8.4,0.871,1
EMP01183,8,39.8,44.6,1.57,0.554,0
EMP01184,6,45.3,42.1,-3.76,0.579,0
EMP01185,4,24.2,23.7,-1.13,0.763,1
EMP01186,5,49.2,39.7,-4.47,0.603,1
EMP01187,7,41.6,38.3,-0.78,0.617,1
EMP01188,5,39.3,46.5,10.75,0.435,1
EMP01189,8,45.9,42.5,2.99,0.575,0
EMP01190,8,39.2,39.0,0.89,0.61,0
EMP01191,6,34.2,27.1,0.02,0.729,1
EMP01192,7,39.6,49.0,5.62,0.41,0
EMP01193,6,22.6,21.7,-1.68,0.783,1
EMP01194,6,31.1,30.2,1.24,0.698,1
EMP01195,7,31.4,34.6,3.82,0.654,1
EMP01196,7,31.4,32.6,0.55,0.674,1
EMP01197,6,42.0,38.9,-2.2,0.611,0
EMP01198,7,40.7,44.2,2.3,0.558,1
EMP01199,8,28.6,30.8,-0.11,0.692,1
EMP01200,8,39.1,40.1,1.47,0.599,0
EMP01201,5,49.2,50.4,0.55,0.496,0
EMP01202,8,58.9,57.3,-2.5,0.427,1
EMP01203,8,45.4,53.1,3.56,0.469,0
EMP01204,8,28.5,27.6,0.14,0.724,0
EMP01205,6,35.7,37.8,0.24,0.622,1
EMP01206,8,40.5,42.0,0.99,0.58,1
EMP01207,6,45.7,40.0,-2.58,0.6,1
EMP01208,7,34.3,33.2,0.02,0.668,0
EMP01209,6,42.5,41.3,-4.66,0.587,1
EMP01210,8,28.7,25.4,0.83,0.746,0
EMP01211,7,31.8,22.4,-0.2,0.776,0
EMP01212,5,48.0,49.5,3.78,0.505,1
EMP01213,6,43.8,48.7,4.98,0.513,1
EMP01214,7,49.5,49.4,-0.68,0.506,0
EMP01215,8,35.6,39.7,0.63,0.603,0
EMP01216,5,29.9,31.8,-1.12,0.682,0
EMP01217,6,46.3,47.3,1.9,0.527,1
EMP01218,6,40.2,41.1,-1.68,0.589,1
EMP01219,5,38.9,36.1,2.6,0.639,1
EMP01220,8,49.1,52.7,3.06,0.473,1
EMP01221,7,28.3,26.1,-0.35,0.739,1
EMP01222,5,51.4,44.9,-6.38,0.751,0
EMP01223,8,35.2,36.7,2.83,0.633,1
EMP01224,7,40.9,44.7,2.88,0.553,1
EMP01225,8,34.9,34.7,1.14,0.653,0
EMP01226,7,35.0,31.6,-1.2,0.684,1
EMP01227,7,28.8,28.8,-4.18,0.712,1
EMP01228,8,33.0,35.2,1.67,0.648,1
EMP01229,8,41.8,40.7,-1.26,0.593,0
EMP01230,7,40.7,38.4,-3.52,0.616,1
EMP01231,7,27.5,28.4,1.88,0.716,1
EMP01232,6,41.5,42.6,0.2,0.574,0
EMP01233,7,51.5,51.7,2.38,0.483,1
EMP01234,6,27.2,21.7,-2.4,0.783,1
EMP01235,7,23.8,26.0,-1.42,0.74,1
EMP01236,6,20.6,23.1,1.88,0.769,0
EMP01237,5,17.8,19.4,3.23,0.806,1
EMP01238,6,28.9,30.8,1.66,0.692,1
EMP01239,6,36.4,35.9,1.04,0.641,1
EMP01240,8,33.0,36.0,2.63,0.64,1
EMP01241,6,26.4,20.4,-1.44,0.796,1
EMP01242,5,36.9,41.0,1.93,0.59,1
EMP01243,8,25.8,31.5,1.03,0.685,1
EMP01244,6,27.4,25.1,1.48,0.749,1
EMP01245,7,19.9,20.9,-2.5,0.791,0
EMP01246,8,35.3,31.8,-1.73,0.682,0
EMP01247,8,31.3,33.1,2.34,0.669,0
EMP01248,7,47.7,50.0,-1.72,0.5,0
EMP01249,7,46.5,43.2,0.57,0.568,1
EMP01250,8,38.4,37.8,1.0,0.622,1
EMP01251,7,36.5,42.3,-1.53,0.577,0
EMP01252,7,35.0,32.1,-2.28,0.679,0
EMP01253,8,42.5,41.4,-3.26,0.586,0
EMP01254,5,36.6,34.9,-4.92,0.651,1
EMP01255,5,51.0,52.1,-0.65,0.479,0
EMP01256,8,56.6,49.4,-1.33,0.506,0
EMP01257,7,43.7,51.6,5.7,0.384,0
EMP01258,8,31.7,38.3,0.01,0.617,1
EMP01259,7,50.8,49.4,-0.07,0.506,1
EMP01260,8,32.8,37.4,2.0,0.626,1
EMP01261,7,42.8,44.7,-0.78,0.553,1
EMP01262,7,32.8,37.4,1.5,0.626,1
EMP01263,7,48.1,51.1,2.45,0.489,0
EMP01264,6,39.1,36.8,-0.42,0.632,1
EMP01265,8,43.8,45.8,1.43,0.542,1
EMP01266,7,30.6,34.7,2.3,0.653,1
EMP01267,5,62.5,62.7,-0.83,0.373,1
EMP01268,7,44.7,44.6,-0.78,0.554,1
EMP01269,7,37.8,46.1,2.77,0.539,0
EMP01270,8,32.7,27.5,-2.7,0.725,1
EMP01271,8,45.6,44.0,-0.64,0.56,0
EMP01272,7,38.6,48.5,2.8,0.515,1
EMP01273,7,51.7,55.8,0.08,0.442,1
EMP01274,5,35.7,37.5,0.8,0.625,0
EMP01275,8,42.4,35.9,1.1,0.641,1
EMP01276,7,28.7,36.2,1.7,0.638,1
EMP01277,7,43.0,45.3,2.48,0.547,1
EMP01278,7,39.6,32.4,-2.32,0.676,1
EMP01279,6,27.7,32.8,3.14,0.672,0
EMP01280,8,30.4,37.1,4.09,0.629,0
EMP01281,8,26.7,15.2,-0.14,0.848,1
EMP01282,8,29.9,26.5,-0.66,0.735,0
EMP01283,6,42.8,49.8,6.62,0.402,1
EMP01284,7,38.7,40.4,-1.22,0.596,0
EMP01285,7,35.4,31.2,-0.92,0.688,0
EMP01286,7,54.3,55.3,-0.7,0.447,1
EMP01287,8,29.8,35.0,-0.51,0.65,1
EMP01288,7,47.0,41.7,-0.97,0.583,0
EMP01289,8,48.2,57.6,0.56,0.424,0
EMP01290,6,48.7,47.9,-3.78,0.521,0
EMP01291,7,44.9,52.3,-0.5,0.477,0
EMP01292,8,37.9,37.8,2.16,0.622,1
EMP01293,8,55.7,64.3,-0.23,0.357,1
EMP01294,6,49.5,54.5,1.36,0.455,1
EMP01295,7,40.0,53.9,3.83,0.461,1
EMP01296,6,39.5,38.8,-2.52,0.612,1
EMP01297,7,46.0,49.6,1.67,0.504,0
EMP01298,8,47.6,56.0,1.26,0.44,1
EMP01299,7,38.5,35.8,-2.45,0.642,1
EMP01300,5,47.4,50.8,1.38,0.492,0
EMP01301,7,24.4,27.0,-1.42,0.73,0
EMP01302,8,45.0,42.0,-2.63,0.58,0
EMP01303,6,33.4,36.2,-0.62,0.638,1
EMP01304,6,24.4,31.5,1.46,0.685,1
EMP01305,8,44.5,41.3,-0.11,0.587,0
EMP01306,8,38.8,37.1,1.27,0.629,1
EMP01307,6,36.8,32.7,-3.68,0.673,1
EMP01308,6,42.7,42.9,-1.86,0.571,0
EMP01309,8,49.1,46.3,1.24,0.537,1
EMP01310,8,37.9,42.3,-2.77,0.577,1
EMP01311,6,31.2,29.6,1.12,0.704,1
EMP01312,7,45.2,38.7,1.65,0.613,1
EMP01313,7,48.1,42.6,-2.72,0.574,0
EMP01314,6,23.3,21.7,0.48,0.783,1
EMP01315,6,52.0,42.8,-3.24,0.572,1
EMP01316,6,42.9,41.0,2.56,0.59,1
EMP01317,6,40.6,46.9,6.16,0.431,0
EMP01318,8,38.0,47.2,1.27,0.528,1
EMP01319,8,42.2,44.7,-1.31,0.553,1
EMP01320,7,27.1,33.2,1.52,0.668,1
EMP01321,7,41.1,36.2,-0.38,0.638,0
EMP01322,8,30.3,31.5,0.94,0.685,1
EMP01323,6,37.6,34.3,-1.24,0.657,0
EMP01324,7,64.1,64.5,0.22,0.355,0
EMP01325,7,40.0,39.9,-0.6,0.601,1
EMP01326,5,27.8,27.7,-2.9,0.723,0
EMP01327,6,57.6,53.1,-1.66,0.469,1
EMP01328,8,47.0,46.7,-0.04,0.533,1
EMP01329,7,45.0,34.6,-2.85,0.654,1
EMP01330,6,47.3,54.0,4.22,0.46,0
EMP01331,7,21.8,19.9,1.68,0.801,0
EMP01332,7,26.4,18.3,0.25,0.817,1
EMP01333,3,42.2,42.2,6.95,0.478,0
EMP01334,8,34.3,32.2,-0.59,0.678,1
EMP01335,8,41.0,52.8,3.83,0.472,1
EMP01336,6,41.6,45.7,1.92,0.543,1
EMP01337,7,40.1,43.4,-1.57,0.566,1
EMP01338,7,37.3,31.4,-0.97,0.686,0
EMP01339,8,42.8,39.4,0.19,0.606,1
EMP01340,7,29.9,34.2,3.45,0.658,1
EMP01341,8,41.5,43.2,0.06,0.568,0
EMP01342,7,42.5,33.7,-1.6,0.663,1
EMP01343,6,42.3,48.9,3.94,0.511,1
EMP01344,7,54.1,55.8,0.55,0.442,0
EMP01345,5,27.0,24.7,-3.42,0.753,0
EMP01346,7,45.3,42.0,0.03,0.58,1
EMP01347,7,33.9,32.8,2.83,0.672,0
EMP01348,7,44.3,44.4,-2.05,0.556,1
EMP01349,7,48.0,43.4,-0.97,0.566,0
EMP01350,6,50.4,49.4,1.08,0.506,0
EMP01351,5,42.4,42.9,-3.4,0.571,1
EMP01352,7,47.9,35.9,-2.42,0.641,1
EMP01353,6,30.7,31.6,-0.52,0.684,0
EMP01354,8,45.0,43.0,-1.36,0.57,0
EMP01355,7,43.2,50.0,2.62,0.5,0
EMP01356,8,49.3,40.8,0.34,0.592,1
EMP01357,7,35.4,39.7,-1.8,0.603,0
EMP01358,7,47.3,47.2,-0.05,0.528,1
EMP01359,7,34.7,33.4,1.62,0.666,1
EMP01360,7,63.5,64.5,1.07,0.355,0
EMP01361,7,43.7,42.7,-0.17,0.573,1
EMP01362,5,17.8,18.9,5.9,0.711,1
EMP01363,7,44.5,48.4,1.83,0.516,0
EMP01364,7,32.0,33.3,-2.35,0.667,0
EMP01365,7,35.3,35.1,1.28,0.649,0
EMP01366,8,24.6,24.9,-2.11,0.751,0
EMP01367,4,21.0,21.3,2.07,0.787,1
EMP01368,8,46.8,40.5,2.29,0.595,1
EMP01369,5,54.0,48.9,-0.22,0.511,0
EMP01370,8,42.3,42.5,-1.07,0.575,1
EMP01371,7,45.1,44.3,0.17,0.557,1
EMP01372,7,32.0,35.4,3.38,0.646,1
EMP01373,6,35.0,29.6,-8.46,0.904,0
EMP01374,7,25.3,22.5,2.08,0.775,0
EMP01375,6,39.8,42.7,-0.2,0.573,0
EMP01376,6,41.7,36.2,-6.44,0.838,1
EMP01377,7,28.3,32.7,3.72,0.673,1
EMP01378,8,32.5,32.2,-0.5,0.678,1
EMP01379,7,45.1,46.3,0.88,0.537,0
EMP01380,7,46.8,52.5,5.17,0.375,0
EMP01381,7,38.0,36.6,-0.85,0.634,1
EMP01382,6,42.5,47.3,1.38,0.527,1
EMP01383,7,45.5,46.5,0.22,0.535,0
EMP01384,8,51.1,49.0,0.4,0.51,0
EMP01385,7,54.0,57.9,-0.87,0.421,1
EMP01386,8,36.3,30.2,-3.53,0.698,1
EMP01387,8,45.0,49.6,1.67,0.504,1
EMP01388,6,38.1,41.3,3.1,0.587,0
EMP01389,6,38.9,42.0,4.04,0.58,0
EMP01390,7,40.4,35.5,-7.17,0.845,1
EMP01391,7,30.6,22.7,-1.02,0.773,1
EMP01392,8,34.1,30.5,-3.11,0.695,1
EMP01393,6,33.5,36.8,2.68,0.632,0
EMP01394,7,33.4,34.0,1.2,0.66,1
EMP01395,6,50.4,47.8,-1.98,0.522,0
EMP01396,5,28.6,27.4,0.28,0.726,1
EMP01397,7,35.2,43.4,0.87,0.566,1
EMP01398,6,42.2,39.9,-1.56,0.601,0
EMP01399,5,54.9,50.9,-5.95,0.691,1
EMP01400,7,50.9,59.5,0.15,0.405,0
EMP01401,3,44.3,44.3,2.1,0.557,0
EMP01402,7,42.4,37.0,-0.25,0.63,1
EMP01403,6,37.9,31.6,0.7,0.684,1
EMP01404,7,39.0,32.1,-2.4,0.679,1
EMP01405,7,53.4,51.2,-2.07,0.488,0
EMP01406,8,34.5,31.0,1.2,0.69,1
EMP01407,8,32.8,30.0,-4.73,0.7,1
EMP01408,7,46.8,52.2,2.28,0.478,1
EMP01409,7,34.6,35.1,0.3,0.649,0
EMP01410,7,43.1,45.4,-0.93,0.546,1
EMP01411,6,32.5,35.0,-0.7,0.65,0
EMP01412,8,41.6,32.5,-3.53,0.675,1
EMP01413,8,32.2,23.5,-2.9,0.765,1
EMP01414,8,43.7,42.2,-0.06,0.578,1
EMP01415,4,34.6,30.4,-6.17,0.896,1
EMP01416,8,37.6,36.4,-1.29,0.636,1
EMP01417,7,44.7,47.7,1.73,0.523,1
EMP01418,7,40.7,34.5,0.25,0.655,1
EMP01419,7,38.7,37.2,-0.25,0.628,0
EMP01420,7,40.1,46.6,1.92,0.534,0
EMP01421,7,51.4,51.8,0.52,0.482,1
EMP01422,8,41.6,40.7,-3.24,0.593,1
EMP01423,6,40.2,44.2,0.68,0.558,0
EMP01424,5,42.7,44.5,3.65,0.555,1
EMP01425,6,48.2,46.5,-2.2,0.535,0
EMP01426,6,32.5,29.6,0.38,0.704,1
EMP01427,6,29.8,29.7,-0.98,0.703,1
EMP01428,7,24.3,31.6,2.93,0.684,1
EMP01429,5,49.9,43.2,-5.78,0.768,1
EMP01430,4,39.4,38.1,-0.4,0.619,1
EMP01431,6,29.6,25.8,-1.36,0.742,1
EMP01432,8,39.9,36.3,0.59,0.637,0
EMP01433,7,38.5,34.5,0.95,0.655,1
EMP01434,6,54.0,52.9,0.46,0.471,0
EMP01435,6,50.7,60.4,5.54,0.296,0
EMP01436,8,33.2,37.8,2.63,0.622,1
EMP01437,8,38.5,34.1,-1.61,0.659,0
EMP01438,7,44.9,51.0,2.4,0.49,1
EMP01439,5,41.1,36.6,-5.1,0.834,0
EMP01440,7,41.2,48.5,5.5,0.415,1
EMP01441,7,17.9,19.2,2.45,0.808,1
EMP01442,6,42.8,47.2,-3.38,0.528,1
EMP01443,7,47.4,45.8,-1.83,0.542,1
EMP01444,6,47.4,44.9,1.32,0.551,0
EMP01445,8,43.3,47.3,3.04,0.527,0
EMP01446,7,44.8,46.1,-2.77,0.539,0
EMP01447,7,44.9,42.4,-3.05,0.576,1
EMP01448,6,34.5,35.4,0.3,0.646,0
EMP01449,4,46.0,41.4,-6.9,0.786,1
EMP01450,5,41.6,38.8,-2.92,0.612,1
EMP01451,7,40.8,44.7,4.13,0.553,1
EMP01452,8,47.3,46.8,0.61,0.532,1
EMP01453,8,38.5,40.1,-2.46,0.599,1
EMP01454,6,45.6,49.9,2.54,0.501,0
EMP01455,8,49.0,55.3,0.49,0.447,0
EMP01456,6,37.3,42.8,-0.06,0.572,0
EMP01457,8,50.4,45.6,-3.27,0.544,1
EMP01458,6,44.3,37.2,-6.1,0.828,1
EMP01459,5,43.4,44.7,2.62,0.553,1
EMP01460,6,41.6,39.4,-1.8,0.606,0
EMP01461,8,45.6,40.3,-2.46,0.597,1
EMP01462,7,40.6,39.2,-2.82,0.608,1
EMP01463,6,44.2,41.6,1.92,0.584,0
EMP01464,5,38.5,36.4,-2.53,0.636,0
EMP01465,6,47.0,52.9,4.88,0.471,0
EMP01466,7,29.0,34.5,3.23,0.655,1
EMP01467,8,36.2,31.6,-0.09,0.684,1
EMP01468,8,48.7,48.8,1.19,0.512,1
EMP01469,8,33.7,35.5,-0.31,0.645,1
EMP01470,5,47.4,41.8,-4.62,0.582,0
EMP01471,6,33.5,33.4,0.82,0.666,1
EMP01472,4,39.8,40.6,-1.13,0.594,1
EMP01473,7,39.0,35.3,-2.88,0.647,1
EMP01474,7,37.1,37.3,-3.47,0.627,1
EMP01475,7,37.2,35.0,0.37,0.65,0
EMP01476,7,40.1,34.3,-0.93,0.657,0
EMP01477,7,45.9,50.2,3.77,0.498,0
EMP01478,4,44.9,40.4,-8.03,0.796,1
EMP01479,7,29.3,30.6,0.87,0.694,1
EMP01480,8,50.6,57.1,2.76,0.429,0
EMP01481,6,32.1,36.3,2.36,0.637,1
EMP01482,8,47.9,51.3,4.59,0.487,1
EMP01483,7,30.6,30.9,2.25,0.691,1
EMP01484,7,44.5,48.9,0.1,0.511,1
EMP01485,5,41.5,44.9,0.35,0.551,1
EMP01486,7,33.4,32.2,2.87,0.678,1
EMP01487,7,36.0,37.2,-2.12,0.628,1
EMP01488,7,39.4,44.3,-0.47,0.557,0
EMP01489,7,49.4,51.8,-1.17,0.482,0
EMP01490,5,38.6,34.4,-0.45,0.656,1
EMP01491,8,29.8,28.4,-1.71,0.716,1
EMP01492,5,37.0,35.9,-1.6,0.641,0
EMP01493,5,32.1,27.3,-7.62,0.927,1
EMP01494,8,40.0,38.9,-1.34,0.611,1
EMP01495,5,45.3,43.9,-1.62,0.561,1
EMP01496,7,40.6,40.4,-4.03,0.596,1
EMP01497,7,40.4,43.0,0.03,0.57,0
EMP01498,7,53.3,58.0,3.22,0.42,0
EMP01499,7,39.5,40.5,1.22,0.595,1
EMP01500,7,39.8,49.5,1.68,0.505,1
EMP01501,5,48.1,47.1,0.42,0.529,1
EMP01502,6,38.1,27.7,-4.94,0.723,1
EMP01503,5,43.2,47.5,0.35,0.525,0
EMP01504,8,32.3,36.3,0.39,0.637,1
EMP01505,5,30.2,29.9,-2.9,0.701,0
EMP01506,7,43.6,48.5,-1.2,0.515,0
EMP01507,7,26.8,35.7,0.28,0.643,1
EMP01508,7,26.6,32.3,1.03,0.677,1
EMP01509,7,39.3,43.7,-0.8,0.563,0
EMP01510,6,39.3,34.6,-3.78,0.654,1
EMP01511,6,33.8,32.7,-2.44,0.673,1
EMP01512,5,32.9,36.6,-0.03,0.634,0
EMP01513,7,43.4,43.9,0.55,0.561,0
EMP01514,6,47.8,48.2,2.36,0.518,1
EMP01515,7,29.5,29.0,5.92,0.61,1
EMP01516,8,48.7,44.9,1.29,0.551,1
EMP01517,6,34.6,33.9,0.66,0.661,1
EMP01518,7,30.8,28.2,-0.27,0.718,0
EMP01519,6,59.1,59.9,0.22,0.401,0
EMP01520,8,52.6,52.1,-0.71,0.479,1
EMP01521,7,42.0,40.1,0.2,0.599,1
EMP01522,7,41.6,44.1,2.28,0.559,1
EMP01523,7,32.9,35.5,0.75,0.645,0
EMP01524,8,30.0,31.4,-3.19,0.686,1
EMP01525,7,42.5,44.3,0.97,0.557,0
EMP01526,7,27.9,30.3,2.83,0.697,1
EMP01527,7,37.6,36.6,0.03,0.634,0
EMP01528,7,41.6,31.1,0.68,0.689,0
EMP01529,5,48.4,54.4,1.7,0.456,0
EMP01530,7,36.8,35.5,2.08,0.645,0
EMP01531,7,47.3,55.1,0.52,0.449,1
EMP01532,5,59.1,59.8,0.1,0.402,1
EMP01533,6,44.3,41.1,0.7,0.589,1
EMP01534,8,36.6,37.0,-0.67,0.63,1
EMP01535,8,32.8,32.5,-1.24,0.675,1
EMP01536,8,42.9,44.3,-0.23,0.557,1
EMP01537,6,34.6,37.4,-0.14,0.626,1
EMP01538,8,32.4,29.3,-0.09,0.707,1
EMP01539,7,42.7,38.9,-1.6,0.611,1
EMP01540,7,46.9,43.6,-0.85,0.564,1
EMP01541,7,41.4,40.6,0.88,0.594,0
EMP01542,5,21.8,18.9,-3.95,0.811,1
EMP01543,7,31.3,32.7,3.5,0.673,1
EMP01544,8,24.4,25.7,0.39,0.743,0
EMP01545,6,35.1,36.9,1.6,0.631,0
EMP01546,7,22.3,22.2,-0.53,0.778,1
EMP01547,7,51.9,48.4,-1.43,0.516,0
EMP01548,7,33.4,31.0,-0.95,0.69,1
EMP01549,5,28.6,29.2,-3.28,0.708,1
EMP01550,8,37.8,40.8,0.63,0.592,1
EMP01551,6,41.0,39.7,1.34,0.603,1
EMP01552,6,37.0,34.5,0.04,0.655,1
EMP01553,7,19.9,20.9,4.08,0.791,1
EMP01554,7,31.6,35.9,2.25,0.641,1
EMP01555,7,35.2,32.7,-3.23,0.673,0
EMP01556,7,40.9,34.8,-1.33,0.652,1
EMP01557,8,65.3,69.0,2.09,0.31,0
EMP01558,5,40.7,43.7,4.07,0.563,0
EMP01559,7,24.4,29.7,1.93,0.703,1
EMP01560,8,36.4,33.9,2.56,0.661,1
EMP01561,8,43.6,53.2,1.87,0.468,1
EMP01562,7,32.7,35.1,2.05,0.649,1
EMP01563,5,47.4,47.7,1.33,0.523,0
EMP01564,8,35.4,38.4,1.54,0.616,1
EMP01565,4,44.7,48.4,3.53,0.516,0
EMP01566,7,60.4,60.7,1.02,0.393,1
EMP01567,7,38.2,38.3,-0.63,0.617,0
EMP01568,6,32.4,35.0,-3.74,0.65,1
EMP01569,6,31.2,40.6,7.84,0.494,0
EMP01570,8,31.7,39.0,0.71,0.61,0
EMP01571,5,39.0,39.9,2.85,0.601,1
EMP01572,6,44.6,38.2,1.46,0.618,0
EMP01573,7,52.4,57.3,1.62,0.427,0
EMP01574,7,36.5,39.2,2.98,0.608,1
EMP01575,7,39.0,35.7,0.52,0.643,0
EMP01576,7,37.3,29.5,-1.88,0.705,1
EMP01577,8,47.5,60.3,-2.53,0.397,0
EMP01578,5,33.8,31.8,0.05,0.682,0
EMP01579,7,60.7,60.5,2.23,0.395,1
EMP01580,5,41.5,43.1,0.8,0.569,0
EMP01581,7,35.9,32.0,1.53,0.68,1
EMP01582,7,32.7,29.0,-3.4,0.71,1
EMP01583,7,44.1,44.0,0.1,0.56,0
EMP01584,7,34.2,29.8,-0.95,0.702,1
EMP01585,7,43.7,51.0,-0.62,0.49,0
EMP01586,6,27.6,33.5,2.72,0.665,1
EMP01587,7,35.4,34.0,-0.2,0.66,1
EMP01588,7,48.3,47.9,2.67,0.521,0
EMP01589,6,35.6,29.8,-2.2,0.702,0
EMP01590,8,34.2,34.8,3.16,0.652,0
EMP01591,8,24.3,26.3,1.23,0.737,1
EMP01592,8,36.7,32.5,0.77,0.675,0
EMP01593,8,29.0,34.2,0.94,0.658,0
EMP01594,8,38.4,32.1,-3.2,0.679,0
EMP01595,8,33.5,34.5,2.51,0.655,1
EMP01596,8,25.5,16.3,-3.37,0.837,0
EMP01597,7,26.1,21.3,-3.62,0.787,1
EMP01598,8,51.2,48.7,0.04,0.513,0
EMP01599,8,38.2,40.3,1.11,0.597,1
EMP01600,6,43.0,46.5,0.0,0.535,1
EMP01601,6,50.2,53.5,3.26,0.465,0
EMP01602,7,31.3,31.8,4.17,0.682,1
EMP01603,8,36.2,34.0,-1.63,0.66,1
EMP01604,6,49.8,50.9,-2.24,0.491,0
EMP01605,6,46.0,45.6,-0.16,0.544,0
EMP01606,8,33.2,32.0,1.5,0.68,1
EMP01607,7,39.2,39.1,0.08,0.609,0
EMP01608,7,33.3,36.8,1.9,0.632,0
EMP01609,7,43.0,40.0,-2.47,0.6,1
EMP01610,7,46.7,51.5,6.53,0.385,0
EMP01611,8,46.4,54.6,-0.17,0.454,1
EMP01612,8,35.3,27.3,-3.27,0.727,0
EMP01613,7,50.5,51.9,1.58,0.481,1
EMP01614,7,33.9,26.6,0.35,0.734,1
EMP01615,6,26.9,25.1,2.08,0.749,0
EMP01616,6,34.0,26.8,-3.02,0.732,1
EMP01617,5,28.6,24.1,0.77,0.759,1
EMP01618,8,42.5,41.8,-1.71,0.582,0
EMP01619,6,37.9,32.6,-3.04,0.674,0
EMP01620,7,40.8,38.5,1.1,0.615,1
EMP01621,7,38.2,36.8,-1.28,0.632,1
EMP01622,6,37.5,30.4,-2.58,0.696,0
EMP01623,7,34.7,30.7,0.53,0.693,1
EMP01624,6,39.8,40.2,0.62,0.598,0
EMP01625,8,35.3,37.6,3.9,0.624,1
EMP01626,6,47.2,49.8,0.3,0.502,0
EMP01627,7,41.8,42.1,-0.37,0.579,1
EMP01628,8,37.8,36.8,-1.6,0.632,1
EMP01629,7,28.1,28.9,-2.55,0.711,1
EMP01630,6,43.1,41.0,-1.26,0.59,0
EMP01631,7,34.0,38.0,1.9,0.62,1
EMP01632,8,36.4,30.6,-0.04,0.694,1
EMP01633,5,55.2,51.2,-2.75,0.488,0
EMP01634,8,37.2,28.4,1.5,0.716,1
EMP01635,8,44.3,38.7,-2.31,0.613,0
EMP01636,7,55.9,61.7,0.95,0.383,1
EMP01637,8,36.2,41.4,4.2,0.586,0
EMP01638,7,29.7,31.5,1.32,0.685,0
EMP01639,7,37.6,41.5,0.88,0.585,0
EMP01640,5,48.8,45.3,-2.85,0.547,0
EMP01641,5,40.0,44.4,0.25,0.556,1
EMP01642,7,33.5,27.9,-4.85,0.721,0
EMP01643,8,46.5,44.7,-4.07,0.553,0
EMP01644,7,44.8,46.4,-0.1,0.536,1
EMP01645,6,34.6,38.2,-2.48,0.618,0
EMP01646,8,26.8,25.9,-0.56,0.741,1
EMP01647,6,32.0,29.0,-1.74,0.71,0
EMP01648,7,31.9,32.1,5.32,0.579,0
EMP01649,6,43.2,46.7,-2.24,0.533,1
EMP01650,8,50.0,41.9,1.2,0.581,1
EMP01651,8,34.0,30.9,-0.86,0.691,1
EMP01652,5,50.8,48.3,-0.15,0.517,1
EMP01653,7,43.6,43.7,0.65,0.563,1
EMP01654,6,52.4,50.8,-0.42,0.492,0
EMP01655,8,41.6,47.5,1.93,0.525,0
EMP01656,7,37.2,37.4,1.48,0.626,0
EMP01657,8,52.3,46.9,-3.24,0.531,0
EMP01658,6,52.2,55.2,7.78,0.348,0
EMP01659,8,56.9,59.4,-0.36,0.406,0
EMP01660,8,39.9,35.2,-0.19,0.648,1
EMP01661,8,41.0,45.2,4.46,0.548,1
EMP01662,5,48.4,49.9,1.62,0.501,0
EMP01663,7,34.2,35.4,-0.4,0.646,1
EMP01664,7,37.3,30.1,-1.45,0.699,0
EMP01665,6,61.3,58.2,0.9,0.418,0
EMP01666,6,46.8,48.9,-3.36,0.511,0
EMP01667,8,38.0,32.0,-4.3,0.68,1
EMP01668,7,40.8,36.5,-4.07,0.635,1
EMP01669,7,44.3,41.3,-2.12,0.587,0
EMP01670,7,49.7,53.4,-0.45,0.466,1
EMP01671,8,40.8,38.0,-4.24,0.62,0
EMP01672,6,46.4,41.8,1.98,0.582,1
EMP01673,7,52.9,51.5,1.02,0.485,0
EMP01674,7,28.0,32.9,0.12,0.671,1
EMP01675,7,39.3,37.5,1.82,0.625,1
EMP01676,5,23.5,25.9,5.8,0.641,1
EMP01677,8,48.5,57.8,1.6,0.422,1
EMP01678,6,46.4,46.0,1.72,0.54,0
EMP01679,7,39.9,36.9,0.42,0.631,1
EMP01680,7,52.1,53.2,0.0,0.468,0
EMP01681,7,42.1,45.9,1.47,0.541,0
EMP01682,6,43.0,44.7,-1.5,0.553,1
EMP01683,7,46.0,53.6,6.1,0.364,0
EMP01684,7,47.6,40.7,-4.67,0.593,0
EMP01685,7,42.9,40.7,-0.62,0.593,0
EMP01686,4,40.2,41.8,2.43,0.582,0
EMP01687,8,39.8,35.4,1.3,0.646,1
EMP01688,6,34.2,46.1,5.0,0.539,0
EMP01689,8,36.4,33.9,-2.71,0.661,0
EMP01690,5,30.9,32.8,3.12,0.672,1
EMP01691,6,18.8,26.6,4.98,0.734,1
EMP01692,8,30.8,29.2,-2.96,0.708,1
EMP01693,7,40.9,43.1,0.87,0.569,1
EMP01694,7,43.5,55.9,4.35,0.441,0
EMP01695,8,41.4,48.0,2.6,0.52,0
EMP01696,6,31.4,36.5,-0.46,0.635,0
EMP01697,6,41.0,34.4,-2.76,0.656,0
EMP01698,7,33.4,32.7,-2.22,0.673,0
EMP01699,5,28.0,33.7,-1.57,0.663,0
EMP01700,6,52.7,56.0,3.14,0.44,0
EMP01701,8,36.2,32.1,0.06,0.679,1
EMP01702,7,62.0,62.6,3.67,0.374,0
EMP01703,6,46.9,40.9,-2.0,0.591,1
EMP01704,5,47.4,46.3,-5.85,0.737,1
EMP01705,6,49.2,50.6,4.58,0.494,1
EMP01706,7,44.7,43.4,-1.53,0.566,1
EMP01707,7,29.1,25.0,-1.35,0.75,0
EMP01708,8,40.0,40.8,2.53,0.592,0
EMP01709,6,42.2,46.4,0.04,0.536,0
EMP01710,8,45.7,42.9,0.2,0.571,1
EMP01711,8,37.4,35.3,-2.94,0.647,0
EMP01712,6,39.9,37.8,0.84,0.622,0
EMP01713,6,46.4,47.1,-1.48,0.529,1
EMP01714,7,49.7,44.5,-1.75,0.555,1
EMP01715,8,54.4,52.6,-1.86,0.474,0
EMP01716,7,43.4,49.8,0.22,0.502,1
EMP01717,6,37.3,32.7,-3.38,0.673,0
EMP01718,7,41.7,48.4,2.55,0.516,0
EMP01719,8,33.9,37.8,4.09,0.622,1
EMP01720,4,40.8,44.8,5.77,0.452,0
EMP01721,7,23.3,27.4,1.75,0.726,1
EMP01722,8,46.0,43.8,1.27,0.562,0
EMP01723,6,33.8,33.0,2.1,0.67,0
EMP01724,7,37.9,33.5,-2.47,0.665,0
EMP01725,5,43.1,41.8,-3.68,0.582,0
EMP01726,7,34.9,41.5,4.05,0.585,0
EMP01727,8,34.8,42.4,2.51,0.576,0
EMP01728,7,33.6,38.8,-0.23,0.612,1
EMP01729,6,26.2,26.4,1.8,0.736,1
EMP01730,5,38.8,38.4,-2.95,0.616,0
EMP01731,8,33.2,30.3,0.39,0.697,1
EMP01732,7,42.8,44.6,3.62,0.554,1
EMP01733,7,29.4,30.3,1.4,0.697,1
EMP01734,5,49.6,50.2,-3.82,0.498,1
EMP01735,7,39.5,37.2,1.95,0.628,1
EMP01736,8,39.6,36.9,-1.33,0.631,0
EMP01737,5,25.0,22.2,-5.35,0.978,1
EMP01738,4,36.7,41.5,2.07,0.585,1
EMP01739,5,41.8,38.5,-1.53,0.615,0
EMP01740,7,45.4,47.6,2.22,0.524,0
EMP01741,6,48.4,45.6,-4.64,0.544,0
EMP01742,6,36.9,35.5,-0.2,0.645,1
EMP01743,7,43.6,49.8,-0.33,0.502,1
EMP01744,8,32.6,30.7,0.27,0.693,1
EMP01745,7,36.8,30.1,-2.05,0.699,1
EMP01746,7,32.4,37.0,3.7,0.63,0
EMP01747,7,35.0,33.5,-0.17,0.665,0
EMP01748,7,36.2,40.9,2.87,0.591,0
EMP01749,6,37.9,37.2,-3.58,0.628,1
EMP01750,7,35.5,39.1,1.1,0.609,1
EMP01751,7,43.7,42.3,3.57,0.577,0
EMP01752,6,57.8,53.6,-1.64,0.464,0
EMP01753,7,35.9,35.8,-1.0,0.642,0
EMP01754,6,51.2,46.1,-0.4,0.539,1
EMP01755,7,47.8,54.6,2.17,0.454,0
EMP01756,8,25.0,31.9,1.76,0.681,0
EMP01757,5,34.8,37.4,-3.68,0.626,1
EMP01758,6,47.9,55.6,3.7,0.444,0
EMP01759,8,31.6,35.7,0.0,0.643,0
EMP01760,8,42.4,46.2,0.97,0.538,1
EMP01761,8,27.8,21.6,-0.93,0.784,1
EMP01762,6,42.2,46.4,-0.62,0.536,1
EMP01763,5,46.0,51.1,5.58,0.389,1
EMP01764,8,35.8,36.4,0.8,0.636,1
EMP01765,6,48.7,53.8,2.06,0.462,0
EMP01766,7,39.4,34.9,-0.58,0.651,1
EMP01767,8,57.1,54.4,-2.04,0.456,0
EMP01768,6,47.1,56.5,3.94,0.435,1
EMP01769,6,55.6,57.0,3.82,0.43,1
EMP01770,7,34.8,29.2,3.13,0.708,1
EMP01771,7,40.1,36.7,-0.02,0.633,1
EMP01772,7,43.3,47.4,2.6,0.526,0
EMP01773,7,34.0,27.4,-3.07,0.726,0
EMP01774,6,46.1,48.8,-0.36,0.512,1
EMP01775,6,32.2,37.2,-3.38,0.628,0
EMP01776,7,42.8,36.0,-1.07,0.64,1
EMP01777,7,26.2,29.6,1.4,0.704,1
EMP01778,7,37.6,34.6,-0.43,0.654,0
EMP01779,8,51.4,53.4,-0.29,0.466,0
EMP01780,8,39.8,36.9,0.34,0.631,1
EMP01781,6,36.1,37.9,-0.72,0.621,1
EMP01782,8,60.0,59.2,-2.77,0.408,0
EMP01783,8,40.2,47.8,0.69,0.522,1
EMP01784,8,45.2,45.5,-2.11,0.545,0
EMP01785,7,32.6,26.0,-1.85,0.74,1
EMP01786,8,35.1,22.5,-2.26,0.775,1
EMP01787,8,42.8,45.4,-0.79,0.546,0
EMP01788,7,46.6,50.1,-1.32,0.499,1
EMP01789,6,47.1,45.0,0.12,0.55,0
EMP01790,6,39.6,36.9,-3.48,0.631,1
EMP01791,8,34.0,42.7,0.44,0.573,0
EMP01792,7,48.0,45.9,1.7,0.541,0
EMP01793,7,38.4,36.4,-0.68,0.636,0
EMP01794,7,28.2,32.7,1.88,0.673,1
EMP01795,7,38.3,40.4,1.75,0.596,1
EMP01796,8,48.5,52.7,2.04,0.473,1
EMP01797,8,51.0,51.0,1.93,0.49,1
EMP01798,7,37.2,45.1,3.93,0.549,1
EMP01799,6,46.1,47.2,-1.88,0.528,0
EMP01800,7,40.1,52.8,-0.65,0.472,0
EMP01801,7,33.0,33.2,3.77,0.668,0
EMP01802,8,40.9,51.9,4.86,0.481,1
EMP01803,7,44.2,41.7,2.08,0.583,1
EMP01804,8,33.1,37.5,1.3,0.625,1
EMP01805,6,42.2,41.8,0.84,0.582,1
EMP01806,8,48.2,48.2,-1.26,0.518,0
EMP01807,8,37.0,40.1,1.67,0.599,1
EMP01808,6,33.9,29.8,-2.78,0.702,1
EMP01809,6,32.8,27.7,-1.94,0.723,0
EMP01810,8,42.4,48.4,3.76,0.516,1
EMP01811,8,42.0,37.4,-1.6,0.626,1
EMP01812,7,50.7,57.0,2.5,0.43,1
EMP01813,7,36.1,39.8,1.15,0.602,1
EMP01814,6,31.1,39.7,4.36,0.603,1
EMP01815,7,38.4,43.1,1.4,0.569,1
EMP01816,6,36.5,30.6,-1.18,0.694,1
EMP01817,8,40.4,45.2,0.4,0.548,1
EMP01818,7,49.9,47.2,-0.08,0.528,1
EMP01819,6,39.4,42.1,-0.28,0.579,1
EMP01820,8,38.9,41.1,0.66,0.589,0
EMP01821,7,28.7,36.6,2.8,0.634,1
EMP01822,3,42.7,42.7,9.75,0.473,0
EMP01823,6,30.4,24.8,-1.52,0.752,1
EMP01824,6,40.0,37.9,0.3,0.621,0
EMP01825,6,37.6,36.4,-1.8,0.636,0
EMP01826,6,51.8,56.2,2.88,0.438,0
EMP01827,7,57.0,57.8,-0.23,0.422,0
EMP01828,8,33.3,33.0,0.03,0.67,1
EMP01829,6,42.9,42.9,0.5,0.571,1
EMP01830,8,30.5,27.6,-1.4,0.724,0
EMP01831,6,54.6,55.5,-1.2,0.445,1
EMP01832,6,34.4,37.2,-0.86,0.628,1
EMP01833,7,23.9,28.6,0.65,0.714,1
EMP01834,7,40.9,38.8,-2.52,0.612,1
EMP01835,7,37.8,36.9,-3.02,0.631,1
EMP01836,7,26.9,23.7,0.23,0.763,1
EMP01837,8,39.5,37.2,-0.87,0.628,1
EMP01838,5,38.0,37.6,-6.43,0.824,1
EMP01839,8,41.6,46.6,5.1,0.434,1
EMP01840,6,59.9,65.4,1.88,0.346,0
EMP01841,4,46.1,45.0,2.37,0.55,0
EMP01842,7,37.6,32.1,1.35,0.679,1
EMP01843,7,23.3,24.0,-0.42,0.76,1
EMP01844,7,34.9,41.4,3.7,0.586,1
EMP01845,7,46.2,41.6,-3.22,0.584,1
EMP01846,6,41.0,43.3,0.8,0.567,0
EMP01847,8,31.4,33.0,1.86,0.67,1
EMP01848,7,45.8,40.7,-2.53,0.593,0
EMP01849,8,37.4,37.2,-0.69,0.628,1
EMP01850,7,34.1,34.2,-0.08,0.658,1
EMP01851,7,35.2,33.5,1.33,0.665,1
EMP01852,7,24.4,20.5,-0.1,0.795,1
EMP01853,7,44.2,49.5,0.72,0.505,1
EMP01854,6,35.7,35.8,-2.04,0.642,0
EMP01855,8,37.0,31.5,3.64,0.685,0
EMP01856,7,27.9,26.0,-2.13,0.74,1
EMP01857,7,39.0,34.6,-2.17,0.654,1
EMP01858,5,31.7,39.6,2.05,0.604,1
EMP01859,7,37.7,35.5,-2.73,0.645,1
EMP01860,7,43.6,48.4,1.28,0.516,0
EMP01861,7,47.3,42.0,-1.83,0.58,1
EMP01862,7,33.4,35.5,-2.17,0.645,1
EMP01863,6,42.3,41.0,-3.52,0.59,1
EMP01864,8,47.8,50.4,2.3,0.496,0
EMP01865,7,23.0,20.2,-0.4,0.798,1
EMP01866,6,44.6,51.9,1.54,0.481,0
EMP01867,7,44.7,57.0,4.23,0.43,0
EMP01868,8,31.2,32.8,-1.16,0.672,1
EMP01869,8,36.0,29.6,-0.99,0.704,1
EMP01870,5,49.9,53.8,4.0,0.462,0
EMP01871,6,46.9,45.1,-2.72,0.549,1
EMP01872,8,44.0,35.7,-4.96,0.643,0
EMP01873,8,40.7,40.9,1.46,0.591,1
EMP01874,7,37.7,40.4,0.88,0.596,1
EMP01875,5,28.3,27.0,2.78,0.73,1
EMP01876,8,49.9,55.5,1.04,0.445,1
EMP01877,6,45.9,44.3,-4.82,0.557,1
EMP01878,6,46.8,45.5,-1.64,0.545,0
EMP01879,5,42.1,40.5,2.83,0.595,1
EMP01880,7,41.3,44.6,0.25,0.554,1
EMP01881,8,58.5,48.5,-0.91,0.515,1
EMP01882,8,25.4,22.5,-0.8,0.775,1
EMP01883,6,47.4,52.2,2.48,0.478,1
EMP01884,8,45.3,41.6,-0.63,0.584,0
EMP01885,8,35.8,38.3,1.69,0.617,1
EMP01886,6,34.0,34.1,-1.48,0.659,1
EMP01887,7,52.5,58.8,1.63,0.412,0
EMP01888,8,23.0,26.5,1.91,0.735,1
EMP01889,7,41.4,46.7,2.27,0.533,1
EMP01890,7,57.6,52.8,-6.12,0.672,1
EMP01891,6,18.9,19.6,0.7,0.804,1
EMP01892,8,50.4,46.4,-1.56,0.536,1
EMP01893,8,38.0,37.6,1.09,0.624,1
EMP01894,8,39.1,48.0,3.77,0.52,1
EMP01895,7,49.8,44.9,-1.47,0.551,0
EMP01896,7,37.2,40.9,-0.82,0.591,1
EMP01897,6,46.9,52.0,0.56,0.48,0
EMP01898,8,41.5,30.7,-2.51,0.693,1
EMP01899,8,37.3,27.6,-2.04,0.724,1
EMP01900,4,32.9,40.6,9.1,0.494,1
EMP01901,8,40.0,39.2,1.03,0.608,1
EMP01902,6,35.9,37.7,0.46,0.623,0
EMP01903,7,41.3,44.1,-5.28,0.759,0
EMP01904,5,39.7,39.3,-1.75,0.607,1
EMP01905,6,47.6,42.9,-1.7,0.571,1
EMP01906,8,45.0,34.2,-2.81,0.658,1
EMP01907,6,36.5,33.2,-0.36,0.668,0
EMP01908,7,31.7,31.6,-4.65,0.684,1
EMP01909,6,34.4,26.9,-1.42,0.731,0
EMP01910,8,48.4,51.1,0.97,0.489,0
EMP01911,7,46.3,41.0,-0.53,0.59,0
EMP01912,7,41.3,38.8,-1.12,0.612,1
EMP01913,5,30.5,29.1,0.35,0.709,1
EMP01914,5,47.3,43.3,0.85,0.567,1
EMP01915,6,41.8,41.5,3.26,0.585,1
EMP01916,7,46.1,49.1,1.28,0.509,1
EMP01917,7,32.5,27.8,-2.02,0.722,1
EMP01918,8,65.5,68.7,-0.83,0.313,0
EMP01919,7,37.9,29.9,-4.22,0.701,0
EMP01920,8,24.2,17.1,-0.71,0.829,1
EMP01921,6,34.9,36.1,3.6,0.639,0
EMP01922,3,19.2,19.2,9.95,0.708,0
EMP01923,8,25.1,23.3,2.49,0.767,1
EMP01924,7,39.5,35.9,-1.0,0.641,1
EMP01925,7,30.4,37.4,1.53,0.626,1
EMP01926,8,38.7,36.9,-1.79,0.631,1
EMP01927,7,41.0,50.4,4.18,0.496,1
EMP01928,8,26.7,25.3,-0.89,0.747,1
EMP01929,6,37.6,36.6,0.22,0.634,0
EMP01930,6,55.6,56.9,3.12,0.431,0
EMP01931,8,42.4,47.1,0.99,0.529,1
EMP01932,5,46.1,45.7,-1.75,0.543,1
EMP01933,6,46.0,51.3,3.08,0.487,0
EMP01934,8,32.6,34.3,-2.8,0.657,1
EMP01935,7,33.2,27.2,0.95,0.728,0
EMP01936,7,40.5,35.8,1.53,0.642,0
EMP01937,5,35.6,33.3,-0.95,0.667,1
EMP01938,8,23.8,22.1,0.46,0.779,1
EMP01939,8,38.8,37.2,-1.09,0.628,1
EMP01940,7,41.3,39.9,0.27,0.601,1
EMP01941,8,56.7,56.4,-4.44,0.436,0
EMP01942,6,44.2,39.8,-5.3,0.802,0
EMP01943,6,35.8,35.3,-1.48,0.647,0
EMP01944,5,42.3,43.7,2.47,0.563,1
EMP01945,6,34.9,30.8,-7.82,0.892,1
EMP01946,6,39.8,34.0,-8.32,0.86,1
EMP01947,8,61.0,57.3,-0.43,0.427,1
EMP01948,7,36.3,37.9,-1.37,0.621,0
EMP01949,8,48.7,49.3,-1.56,0.507,0
EMP01950,6,30.6,35.5,2.56,0.645,1
EMP01951,8,53.8,52.2,1.41,0.478,0
EMP01952,7,39.4,38.1,-1.35,0.619,0
EMP01953,6,45.7,52.0,1.82,0.48,0
EMP01954,7,37.5,43.3,-0.37,0.567,0
EMP01955,7,50.0,46.9,-1.32,0.531,0
EMP01956,6,35.2,29.9,-2.44,0.701,1
EMP01957,7,39.3,38.0,1.85,0.62,0
EMP01958,7,36.4,36.1,-1.32,0.639,1
EMP01959,5,35.9,30.6,-6.13,0.894,1
EMP01960,6,39.9,36.7,0.16,0.633,1
EMP01961,7,45.1,49.3,3.25,0.507,0
EMP01962,7,45.6,39.1,-1.97,0.609,0
EMP01963,8,35.1,36.5,1.11,0.635,1
EMP01964,7,53.9,55.5,2.43,0.445,0
EMP01965,7,41.1,42.0,-2.67,0.58,1
EMP01966,8,45.2,49.4,0.24,0.506,0
EMP01967,7,49.2,52.8,3.58,0.472,1
EMP01968,7,38.2,37.1,1.33,0.629,1
EMP01969,8,56.0,57.8,3.97,0.422,1
EMP01970,5,39.0,38.6,-1.88,0.614,0
EMP01971,6,43.2,40.4,-3.88,0.596,1
EMP01972,8,46.8,48.9,1.9,0.511,1
EMP01973,6,43.9,38.7,-0.7,0.613,1
EMP01974,7,34.4,44.2,3.93,0.558,1
EMP01975,7,34.7,34.2,1.4,0.658,1
EMP01976,8,30.6,37.4,-0.01,0.626,1
EMP01977,5,37.6,40.7,7.7,0.493,1
EMP01978,7,32.3,34.7,0.37,0.653,1
EMP01979,7,28.9,32.1,2.37,0.679,0
EMP01980,6,35.5,34.1,0.06,0.659,1
EMP01981,7,36.9,37.2,-1.82,0.628,1
EMP01982,8,38.6,35.1,-5.44,0.849,0
EMP01983,6,37.4,33.5,0.34,0.665,1
EMP01984,8,39.9,32.3,-4.01,0.677,0
EMP01985,8,29.8,25.1,-4.8,0.749,0
EMP01986,7,38.2,39.2,1.83,0.608,1
EMP01987,7,47.2,46.9,-2.98,0.531,1
EMP01988,8,46.8,34.5,-8.24,0.855,1
EMP01989,7,39.8,44.2,1.58,0.558,0
EMP01990,7,27.8,26.0,1.55,0.74,1
EMP01991,7,53.9,46.8,-0.08,0.532,1
EMP01992,8,31.4,28.8,-3.07,0.712,1
EMP01993,5,48.5,48.6,-1.22,0.514,1
EMP01994,5,38.2,36.2,1.85,0.638,1
EMP01995,7,36.9,34.6,-2.43,0.654,0
EMP01996,6,41.2,36.2,-3.78,0.638,0
EMP01997,6,31.1,25.4,-1.84,0.746,1
EMP01998,5,35.4,36.3,0.62,0.637,1
EMP01999,6,46.0,45.8,-2.16,0.542,0
EMP02000,7,31.5,35.9,-1.17,0.641,0
